{
  "type": "FeatureCollection",
  "bbox": [
    5.7356988,
    49.4478587,
    6.5312481,
    50.1827989
  ],
  "features": [
    {
      "type": "Feature",
      "properties": {
        "name": "Luxembourg",
        "ISO3166-1": "LU",
        "source": "OpenStreetMap",
        "osm_relation_id": 2171347,
        "source_url": "https://www.openstreetmap.org/relation/2171347",
        "download_date": "2026-10-04",
        "osm_relation_version": 163,
        "attribution": "© OpenStreetMap contributors",
        "license": "ODbL-1.0",
        "license_url": "https://www.openstreetmap.org/copyright",
        "coordinate_reference_system": "WGS 84 (EPSG:4326)",
        "coordinate_order": "longitude, latitude",
        "coordinate_count_including_closure": 2000,
        "distinct_boundary_vertices": 1999,
        "simplification": "Priority Douglas-Peucker; original OSM vertices retained",
        "source_coordinate_count_including_closure": 18081,
        "max_source_vertex_deviation_m_approx": 14.55
      },
      "geometry": {
        "type": "Polygon",
        "coordinates": [
          [
            [
              6.502306,
              49.7337208
            ],
            [
              6.5021458,
              49.7371273
            ],
            [
              6.502779,
              49.7402058
            ],
            [
              6.5021648,
              49.7433643
            ],
            [
              6.503233,
              49.7456188
            ],
            [
              6.5011196,
              49.7483273
            ],
            [
              6.5007267,
              49.7511806
            ],
            [
              6.5009708,
              49.7523975
            ],
            [
              6.5020618,
              49.7536297
            ],
            [
              6.5038509,
              49.7547817
            ],
            [
              6.5121708,
              49.7571774
            ],
            [
              6.5149937,
              49.7584515
            ],
            [
              6.5174809,
              49.7600956
            ],
            [
              6.518568,
              49.7613697
            ],
            [
              6.5190639,
              49.7625599
            ],
            [
              6.5181904,
              49.7652454
            ],
            [
              6.5185223,
              49.7674389
            ],
            [
              6.5179157,
              49.7689228
            ],
            [
              6.5155392,
              49.7709751
            ],
            [
              6.5131283,
              49.7724209
            ],
            [
              6.510519,
              49.7734852
            ],
            [
              6.5101376,
              49.774107
            ],
            [
              6.5108433,
              49.7764225
            ],
            [
              6.5168705,
              49.7814388
            ],
            [
              6.5173359,
              49.7823086
            ],
            [
              6.5171871,
              49.7830296
            ],
            [
              6.5163403,
              49.7839527
            ],
            [
              6.5153141,
              49.7845593
            ],
            [
              6.5137424,
              49.7852001
            ],
            [
              6.5106258,
              49.7859707
            ],
            [
              6.5077991,
              49.7871685
            ],
            [
              6.5064716,
              49.7882977
            ],
            [
              6.5061207,
              49.7897549
            ],
            [
              6.5071125,
              49.7909985
            ],
            [
              6.5088596,
              49.7920856
            ],
            [
              6.5155125,
              49.7941113
            ],
            [
              6.5204067,
              49.7961597
            ],
            [
              6.5223179,
              49.7974606
            ],
            [
              6.5262585,
              49.8017216
            ],
            [
              6.529295,
              49.8034611
            ],
            [
              6.531065,
              49.805212
            ],
            [
              6.5312138,
              49.8060093
            ],
            [
              6.5297756,
              49.8094311
            ],
            [
              6.5266552,
              49.8114834
            ],
            [
              6.5230694,
              49.8127842
            ],
            [
              6.5217648,
              49.8134823
            ],
            [
              6.5205936,
              49.8134937
            ],
            [
              6.5191212,
              49.8127956
            ],
            [
              6.5183392,
              49.8117428
            ],
            [
              6.5178699,
              49.8104153
            ],
            [
              6.5178394,
              49.808527
            ],
            [
              6.5161724,
              49.8054905
            ],
            [
              6.5131054,
              49.8027401
            ],
            [
              6.5124531,
              49.8024693
            ],
            [
              6.5115643,
              49.8024731
            ],
            [
              6.5104694,
              49.8031101
            ],
            [
              6.5076618,
              49.808054
            ],
            [
              6.5058498,
              49.8097668
            ],
            [
              6.5011311,
              49.8106327
            ],
            [
              6.496027,
              49.8126507
            ],
            [
              6.4947033,
              49.8125591
            ],
            [
              6.4923534,
              49.8115749
            ],
            [
              6.4899502,
              49.8118382
            ],
            [
              6.4882488,
              49.812315
            ],
            [
              6.4851551,
              49.8138027
            ],
            [
              6.4815006,
              49.8182659
            ],
            [
              6.4801655,
              49.8192539
            ],
            [
              6.4715672,
              49.8227863
            ],
            [
              6.4691296,
              49.8223095
            ],
            [
              6.4657269,
              49.8202991
            ],
            [
              6.4633732,
              49.8193531
            ],
            [
              6.4605732,
              49.8172741
            ],
            [
              6.456461,
              49.8129711
            ],
            [
              6.4542217,
              49.811636
            ],
            [
              6.4512348,
              49.8115864
            ],
            [
              6.4468975,
              49.8119297
            ],
            [
              6.4439754,
              49.811636
            ],
            [
              6.4425182,
              49.8126926
            ],
            [
              6.4421749,
              49.8140011
            ],
            [
              6.4415379,
              49.8144779
            ],
            [
              6.4383373,
              49.8139668
            ],
            [
              6.436552,
              49.8134632
            ],
            [
              6.4317188,
              49.8107014
            ],
            [
              6.431036,
              49.8106022
            ],
            [
              6.4298763,
              49.8107929
            ],
            [
              6.427927,
              49.811594
            ],
            [
              6.4267254,
              49.812685
            ],
            [
              6.4262028,
              49.8156567
            ],
            [
              6.4256535,
              49.816164
            ],
            [
              6.4245014,
              49.8163586
            ],
            [
              6.4200306,
              49.8163471
            ],
            [
              6.4095821,
              49.8179264
            ],
            [
              6.4055004,
              49.8193302
            ],
            [
              6.4026356,
              49.8197155
            ],
            [
              6.3983479,
              49.8218479
            ],
            [
              6.3972073,
              49.8226414
            ],
            [
              6.3929272,
              49.8275967
            ],
            [
              6.3896542,
              49.8292637
            ],
            [
              6.387949,
              49.8307476
            ],
            [
              6.3850117,
              49.8326588
            ],
            [
              6.3824444,
              49.8359165
            ],
            [
              6.3811512,
              49.8369389
            ],
            [
              6.3789616,
              49.8380528
            ],
            [
              6.3780079,
              49.8397312
            ],
            [
              6.3771954,
              49.8403683
            ],
            [
              6.3728504,
              49.8425579
            ],
            [
              6.371336,
              49.8447285
            ],
            [
              6.3665524,
              49.849844
            ],
            [
              6.3640957,
              49.8509655
            ],
            [
              6.3603916,
              49.8508701
            ],
            [
              6.3581867,
              49.8510342
            ],
            [
              6.3499241,
              49.8507214
            ],
            [
              6.3432789,
              49.8495388
            ],
            [
              6.3412113,
              49.8489246
            ],
            [
              6.33988,
              49.8480854
            ],
            [
              6.3387699,
              49.846632
            ],
            [
              6.3376217,
              49.8408337
            ],
            [
              6.3368931,
              49.8396397
            ],
            [
              6.335722,
              49.8385448
            ],
            [
              6.3333988,
              49.8374157
            ],
            [
              6.3288937,
              49.8361988
            ],
            [
              6.3271656,
              49.836237
            ],
            [
              6.3244228,
              49.8373127
            ],
            [
              6.3218174,
              49.838728
            ],
            [
              6.3207798,
              49.8397388
            ],
            [
              6.3199482,
              49.8429165
            ],
            [
              6.320612,
              49.8451176
            ],
            [
              6.3220921,
              49.8470287
            ],
            [
              6.323103,
              49.8509121
            ],
            [
              6.3229313,
              49.8517399
            ],
            [
              6.3213329,
              49.8535748
            ],
            [
              6.3180103,
              49.8556309
            ],
            [
              6.3146839,
              49.8598309
            ],
            [
              6.3140278,
              49.8610897
            ],
            [
              6.3138981,
              49.8620625
            ],
            [
              6.3147717,
              49.8655605
            ],
            [
              6.3136272,
              49.8679676
            ],
            [
              6.3112736,
              49.8699818
            ],
            [
              6.309824,
              49.8702297
            ],
            [
              6.3074131,
              49.8699474
            ],
            [
              6.3049641,
              49.8690014
            ],
            [
              6.3002872,
              49.8666554
            ],
            [
              6.2979298,
              49.8663044
            ],
            [
              6.2969265,
              49.8664875
            ],
            [
              6.2943096,
              49.8682575
            ],
            [
              6.2928982,
              49.8698444
            ],
            [
              6.2921696,
              49.8717518
            ],
            [
              6.292242,
              49.8741665
            ],
            [
              6.2916355,
              49.8749752
            ],
            [
              6.2892704,
              49.8754826
            ],
            [
              6.2864552,
              49.8753033
            ],
            [
              6.2832775,
              49.8783627
            ],
            [
              6.2823963,
              49.8787899
            ],
            [
              6.2811565,
              49.8789082
            ],
            [
              6.2796116,
              49.8786869
            ],
            [
              6.2783375,
              49.8777866
            ],
            [
              6.2759418,
              49.8768482
            ],
            [
              6.2745342,
              49.8772793
            ],
            [
              6.2746716,
              49.8771229
            ],
            [
              6.2743435,
              49.8770733
            ],
            [
              6.272974,
              49.8773556
            ],
            [
              6.2699604,
              49.8790417
            ],
            [
              6.2621021,
              49.880991
            ],
            [
              6.2611942,
              49.8821468
            ],
            [
              6.2591038,
              49.8833065
            ],
            [
              6.2579174,
              49.886301
            ],
            [
              6.2560902,
              49.8878422
            ],
            [
              6.2507381,
              49.8904743
            ],
            [
              6.2498684,
              49.8923969
            ],
            [
              6.2483234,
              49.8935566
            ],
            [
              6.2468662,
              49.8953266
            ],
            [
              6.245966,
              49.8956814
            ],
            [
              6.2430286,
              49.8958263
            ],
            [
              6.2400112,
              49.8964291
            ],
            [
              6.2388515,
              49.8969326
            ],
            [
              6.2360096,
              49.899065
            ],
            [
              6.23382,
              49.9001865
            ],
            [
              6.2323704,
              49.9046993
            ],
            [
              6.232336,
              49.906496
            ],
            [
              6.2309093,
              49.9080067
            ],
            [
              6.2271709,
              49.9104977
            ],
            [
              6.2274456,
              49.9114323
            ],
            [
              6.2303715,
              49.9109554
            ],
            [
              6.231348,
              49.9110355
            ],
            [
              6.234087,
              49.9125538
            ],
            [
              6.2341709,
              49.9141178
            ],
            [
              6.2317257,
              49.9186459
            ],
            [
              6.2294254,
              49.9210491
            ],
            [
              6.2284565,
              49.9212589
            ],
            [
              6.2259808,
              49.92132
            ],
            [
              6.2206821,
              49.9222584
            ],
            [
              6.218504,
              49.9228573
            ],
            [
              6.2181568,
              49.923399
            ],
            [
              6.2185192,
              49.9246273
            ],
            [
              6.2190952,
              49.9252796
            ],
            [
              6.2201252,
              49.9259319
            ],
            [
              6.2207699,
              49.9258289
            ],
            [
              6.2230473,
              49.9268856
            ],
            [
              6.223911,
              49.9277666
            ],
            [
              6.2244224,
              49.927649
            ],
            [
              6.2258275,
              49.9286631
            ],
            [
              6.2261857,
              49.9293097
            ],
            [
              6.2246176,
              49.9319615
            ],
            [
              6.2240264,
              49.9320693
            ],
            [
              6.2244534,
              49.9327989
            ],
            [
              6.2249089,
              49.9327316
            ],
            [
              6.2252236,
              49.933359
            ],
            [
              6.2237864,
              49.9336244
            ],
            [
              6.223523,
              49.9339982
            ],
            [
              6.2247472,
              49.9351298
            ],
            [
              6.2273314,
              49.9366189
            ],
            [
              6.2253044,
              49.9387544
            ],
            [
              6.2244094,
              49.9387715
            ],
            [
              6.2245626,
              49.9393664
            ],
            [
              6.2231374,
              49.940425
            ],
            [
              6.2228732,
              49.9410042
            ],
            [
              6.2213333,
              49.9415434
            ],
            [
              6.2207767,
              49.9424271
            ],
            [
              6.2197981,
              49.9428202
            ],
            [
              6.2199994,
              49.9433293
            ],
            [
              6.216539,
              49.9445028
            ],
            [
              6.2168911,
              49.9453858
            ],
            [
              6.2185044,
              49.9454933
            ],
            [
              6.218621,
              49.9459875
            ],
            [
              6.2201699,
              49.9471691
            ],
            [
              6.2235452,
              49.9490101
            ],
            [
              6.2239085,
              49.9500812
            ],
            [
              6.2117361,
              49.9502277
            ],
            [
              6.2088389,
              49.9530095
            ],
            [
              6.2084891,
              49.9546048
            ],
            [
              6.2055988,
              49.9551945
            ],
            [
              6.2044897,
              49.9550044
            ],
            [
              6.2007815,
              49.9529284
            ],
            [
              6.1996024,
              49.9512531
            ],
            [
              6.1995865,
              49.9494924
            ],
            [
              6.1982833,
              49.9484474
            ],
            [
              6.19874,
              49.949419
            ],
            [
              6.1986523,
              49.9500904
            ],
            [
              6.1978092,
              49.9521236
            ],
            [
              6.1964817,
              49.9541454
            ],
            [
              6.1972294,
              49.9546146
            ],
            [
              6.19594,
              49.9547253
            ],
            [
              6.196352,
              49.9553318
            ],
            [
              6.1954632,
              49.9552441
            ],
            [
              6.1939983,
              49.9570103
            ],
            [
              6.1949406,
              49.9602146
            ],
            [
              6.1958218,
              49.9609051
            ],
            [
              6.1947994,
              49.9607143
            ],
            [
              6.194582,
              49.96171
            ],
            [
              6.1930904,
              49.964426
            ],
            [
              6.1931019,
              49.9648151
            ],
            [
              6.1939297,
              49.9652882
            ],
            [
              6.1943951,
              49.9659061
            ],
            [
              6.1933537,
              49.9655361
            ],
            [
              6.1935062,
              49.9670544
            ],
            [
              6.1928577,
              49.9684582
            ],
            [
              6.1917057,
              49.9692593
            ],
            [
              6.1903706,
              49.9695454
            ],
            [
              6.1879177,
              49.9692173
            ],
            [
              6.1837215,
              49.9679279
            ],
            [
              6.1816387,
              49.9659519
            ],
            [
              6.1805172,
              49.9641132
            ],
            [
              6.1812077,
              49.9622746
            ],
            [
              6.1828938,
              49.9599743
            ],
            [
              6.1826611,
              49.9586086
            ],
            [
              6.1830311,
              49.9574795
            ],
            [
              6.1837673,
              49.9571514
            ],
            [
              6.1877956,
              49.9563389
            ],
            [
              6.1824741,
              49.9536762
            ],
            [
              6.1806164,
              49.9532223
            ],
            [
              6.1787624,
              49.9535732
            ],
            [
              6.1779194,
              49.95434
            ],
            [
              6.1775761,
              49.9550877
            ],
            [
              6.1770573,
              49.9591618
            ],
            [
              6.1760311,
              49.961813
            ],
            [
              6.1746693,
              49.9621983
            ],
            [
              6.1715832,
              49.9626255
            ],
            [
              6.1707668,
              49.9631023
            ],
            [
              6.1684742,
              49.96591
            ],
            [
              6.1674061,
              49.9684429
            ],
            [
              6.1658001,
              49.9695263
            ],
            [
              6.1651936,
              49.970602
            ],
            [
              6.1649914,
              49.9722919
            ],
            [
              6.1653461,
              49.9742298
            ],
            [
              6.1669788,
              49.9773808
            ],
            [
              6.1669674,
              49.9788494
            ],
            [
              6.1672878,
              49.9796467
            ],
            [
              6.1689673,
              49.9810182
            ],
            [
              6.1691362,
              49.9834627
            ],
            [
              6.1698764,
              49.984333
            ],
            [
              6.171492,
              49.9838374
            ],
            [
              6.1725899,
              49.9839207
            ],
            [
              6.172692,
              49.9846194
            ],
            [
              6.1709519,
              49.9856172
            ],
            [
              6.1680604,
              49.985947
            ],
            [
              6.1632735,
              49.9873349
            ],
            [
              6.1611931,
              49.9873359
            ],
            [
              6.1594072,
              49.9870683
            ],
            [
              6.1571567,
              49.9873211
            ],
            [
              6.155664,
              49.9884222
            ],
            [
              6.1536274,
              49.9894924
            ],
            [
              6.1509876,
              49.9942303
            ],
            [
              6.1466503,
              49.9950733
            ],
            [
              6.1425343,
              49.9947758
            ],
            [
              6.1417484,
              49.994997
            ],
            [
              6.1400166,
              49.9963131
            ],
            [
              6.1380939,
              49.9983997
            ],
            [
              6.138155,
              49.9990749
            ],
            [
              6.1395016,
              50.0000973
            ],
            [
              6.1417599,
              49.9991322
            ],
            [
              6.1434078,
              49.9980946
            ],
            [
              6.1448879,
              49.9979801
            ],
            [
              6.1452236,
              49.9981785
            ],
            [
              6.1465855,
              50.0005627
            ],
            [
              6.1470737,
              50.0029049
            ],
            [
              6.149725,
              50.0068073
            ],
            [
              6.1498775,
              50.0090313
            ],
            [
              6.147913,
              50.0104771
            ],
            [
              6.1458912,
              50.0103321
            ],
            [
              6.1400661,
              50.0107403
            ],
            [
              6.1386967,
              50.0110607
            ],
            [
              6.1379604,
              50.0114841
            ],
            [
              6.1344433,
              50.01507
            ],
            [
              6.1296597,
              50.0181332
            ],
            [
              6.129694,
              50.0184956
            ],
            [
              6.130125,
              50.0189838
            ],
            [
              6.1314449,
              50.0193081
            ],
            [
              6.1320553,
              50.0191746
            ],
            [
              6.1326923,
              50.0188313
            ],
            [
              6.1349659,
              50.016222
            ],
            [
              6.1364079,
              50.015646
            ],
            [
              6.1378727,
              50.015749
            ],
            [
              6.1395206,
              50.0173931
            ],
            [
              6.1414433,
              50.0181293
            ],
            [
              6.144556,
              50.0203533
            ],
            [
              6.1459484,
              50.0219555
            ],
            [
              6.1461086,
              50.0226383
            ],
            [
              6.1456089,
              50.0231762
            ],
            [
              6.1432667,
              50.0245762
            ],
            [
              6.1405048,
              50.0249577
            ],
            [
              6.1380482,
              50.0259457
            ],
            [
              6.1369915,
              50.0266018
            ],
            [
              6.1347713,
              50.0272732
            ],
            [
              6.1316471,
              50.0286617
            ],
            [
              6.1301556,
              50.0295696
            ],
            [
              6.1298389,
              50.0315609
            ],
            [
              6.1312466,
              50.0337276
            ],
            [
              6.1324673,
              50.0349903
            ],
            [
              6.1325397,
              50.0367908
            ],
            [
              6.1341114,
              50.0386829
            ],
            [
              6.1345768,
              50.0401516
            ],
            [
              6.1326542,
              50.0434093
            ],
            [
              6.1298962,
              50.045454
            ],
            [
              6.1274929,
              50.0477619
            ],
            [
              6.1263371,
              50.0497379
            ],
            [
              6.1251087,
              50.0511341
            ],
            [
              6.1219845,
              50.0523472
            ],
            [
              6.1216259,
              50.052702
            ],
            [
              6.1211529,
              50.0543652
            ],
            [
              6.1221409,
              50.0553722
            ],
            [
              6.1227169,
              50.0556049
            ],
            [
              6.1236324,
              50.0567379
            ],
            [
              6.1243839,
              50.0585575
            ],
            [
              6.1241245,
              50.0598164
            ],
            [
              6.1234035,
              50.0602665
            ],
            [
              6.1218739,
              50.0605259
            ],
            [
              6.120512,
              50.060133
            ],
            [
              6.1201801,
              50.0594654
            ],
            [
              6.1203365,
              50.0570965
            ],
            [
              6.1194553,
              50.0565357
            ],
            [
              6.11833,
              50.0566196
            ],
            [
              6.1178989,
              50.0564404
            ],
            [
              6.113966,
              50.057806
            ],
            [
              6.1128368,
              50.0590076
            ],
            [
              6.1124668,
              50.0600758
            ],
            [
              6.1141529,
              50.063673
            ],
            [
              6.1137981,
              50.0655727
            ],
            [
              6.1150494,
              50.0657787
            ],
            [
              6.1172581,
              50.064642
            ],
            [
              6.1182957,
              50.0643787
            ],
            [
              6.1204472,
              50.0647678
            ],
            [
              6.1210155,
              50.0657635
            ],
            [
              6.1212025,
              50.0687504
            ],
            [
              6.126112,
              50.0709782
            ],
            [
              6.1293812,
              50.0733852
            ],
            [
              6.1287479,
              50.0746784
            ],
            [
              6.1249676,
              50.0771008
            ],
            [
              6.1231556,
              50.0763493
            ],
            [
              6.121912,
              50.0744495
            ],
            [
              6.1216602,
              50.0731792
            ],
            [
              6.1207371,
              50.0725422
            ],
            [
              6.1191235,
              50.0725651
            ],
            [
              6.1174717,
              50.0732327
            ],
            [
              6.1162167,
              50.0745831
            ],
            [
              6.1164761,
              50.074934
            ],
            [
              6.1185017,
              50.0758724
            ],
            [
              6.118269,
              50.0766201
            ],
            [
              6.1207409,
              50.0788517
            ],
            [
              6.1222019,
              50.0813046
            ],
            [
              6.1222363,
              50.0835514
            ],
            [
              6.1205082,
              50.0848713
            ],
            [
              6.119772,
              50.085783
            ],
            [
              6.1195393,
              50.0896664
            ],
            [
              6.1201458,
              50.0916233
            ],
            [
              6.1212482,
              50.0928822
            ],
            [
              6.1222858,
              50.0935383
            ],
            [
              6.1232357,
              50.093668
            ],
            [
              6.1254597,
              50.0929432
            ],
            [
              6.1301174,
              50.0921803
            ],
            [
              6.1317997,
              50.0924244
            ],
            [
              6.1331654,
              50.0931759
            ],
            [
              6.133337,
              50.0937443
            ],
            [
              6.1327038,
              50.0948925
            ],
            [
              6.1321888,
              50.0951061
            ],
            [
              6.1293583,
              50.0951328
            ],
            [
              6.1285763,
              50.0954723
            ],
            [
              6.1276112,
              50.0964527
            ],
            [
              6.1257153,
              50.0991497
            ],
            [
              6.1256123,
              50.1010952
            ],
            [
              6.1268368,
              50.1019878
            ],
            [
              6.1295986,
              50.1027203
            ],
            [
              6.1306629,
              50.1027737
            ],
            [
              6.1322575,
              50.1024151
            ],
            [
              6.1338215,
              50.102499
            ],
            [
              6.135107,
              50.1029339
            ],
            [
              6.1358356,
              50.1035023
            ],
            [
              6.1350498,
              50.1047955
            ],
            [
              6.1342106,
              50.1054745
            ],
            [
              6.1325588,
              50.1058407
            ],
            [
              6.131464,
              50.1064548
            ],
            [
              6.1309872,
              50.1076946
            ],
            [
              6.1321621,
              50.1096439
            ],
            [
              6.134222,
              50.1115208
            ],
            [
              6.1352062,
              50.1132717
            ],
            [
              6.1340809,
              50.1139698
            ],
            [
              6.1317844,
              50.1138935
            ],
            [
              6.1300869,
              50.1141644
            ],
            [
              6.1295986,
              50.114378
            ],
            [
              6.1279812,
              50.1161594
            ],
            [
              6.128912,
              50.1182804
            ],
            [
              6.1294003,
              50.1212711
            ],
            [
              6.132288,
              50.1224804
            ],
            [
              6.1347065,
              50.123003
            ],
            [
              6.13624,
              50.1236782
            ],
            [
              6.1374722,
              50.1256809
            ],
            [
              6.137495,
              50.1271038
            ],
            [
              6.1381207,
              50.1283894
            ],
            [
              6.1378739,
              50.1298459
            ],
            [
              6.1368174,
              50.1301406
            ],
            [
              6.1364996,
              50.1298241
            ],
            [
              6.1360602,
              50.130097
            ],
            [
              6.1352216,
              50.1301473
            ],
            [
              6.1347888,
              50.1299594
            ],
            [
              6.1347688,
              50.1296764
            ],
            [
              6.1334521,
              50.1294854
            ],
            [
              6.132884,
              50.1296926
            ],
            [
              6.1308339,
              50.1298062
            ],
            [
              6.1286345,
              50.1322529
            ],
            [
              6.1276641,
              50.132757
            ],
            [
              6.1265259,
              50.1339946
            ],
            [
              6.1247415,
              50.1347241
            ],
            [
              6.1239197,
              50.1346971
            ],
            [
              6.1222763,
              50.1355625
            ],
            [
              6.1223134,
              50.1357521
            ],
            [
              6.1214944,
              50.135834
            ],
            [
              6.1206911,
              50.1363059
            ],
            [
              6.1191538,
              50.1360783
            ],
            [
              6.1160865,
              50.1363517
            ],
            [
              6.1159474,
              50.1365534
            ],
            [
              6.1123957,
              50.1360256
            ],
            [
              6.1120629,
              50.1361628
            ],
            [
              6.1121429,
              50.1379924
            ],
            [
              6.1135098,
              50.1394923
            ],
            [
              6.1140429,
              50.1419023
            ],
            [
              6.114701,
              50.1428964
            ],
            [
              6.1150681,
              50.144186
            ],
            [
              6.1155317,
              50.1445056
            ],
            [
              6.1170043,
              50.1445317
            ],
            [
              6.1174369,
              50.1469645
            ],
            [
              6.1188832,
              50.1478996
            ],
            [
              6.1212428,
              50.1489422
            ],
            [
              6.1227768,
              50.1494957
            ],
            [
              6.1249272,
              50.1497583
            ],
            [
              6.1256812,
              50.1501128
            ],
            [
              6.1249516,
              50.1502959
            ],
            [
              6.1241181,
              50.1512412
            ],
            [
              6.1221926,
              50.1514617
            ],
            [
              6.1214816,
              50.1520124
            ],
            [
              6.1204427,
              50.1519734
            ],
            [
              6.1199494,
              50.1526101
            ],
            [
              6.1192947,
              50.1526491
            ],
            [
              6.1194121,
              50.1531784
            ],
            [
              6.118597,
              50.1534542
            ],
            [
              6.1184544,
              50.1539618
            ],
            [
              6.1176184,
              50.15476
            ],
            [
              6.1167374,
              50.1550568
            ],
            [
              6.1152332,
              50.1550607
            ],
            [
              6.1149764,
              50.155854
            ],
            [
              6.1153667,
              50.156479
            ],
            [
              6.1204029,
              50.1618286
            ],
            [
              6.1197815,
              50.1633509
            ],
            [
              6.1024498,
              50.1705495
            ],
            [
              6.1007272,
              50.1705523
            ],
            [
              6.100177,
              50.1707597
            ],
            [
              6.0972555,
              50.1696154
            ],
            [
              6.0947807,
              50.1692869
            ],
            [
              6.0944672,
              50.1694232
            ],
            [
              6.093933,
              50.1692908
            ],
            [
              6.0933689,
              50.1695469
            ],
            [
              6.0925626,
              50.1693843
            ],
            [
              6.0924996,
              50.1698377
            ],
            [
              6.0919164,
              50.1697888
            ],
            [
              6.0910235,
              50.1702652
            ],
            [
              6.0904092,
              50.170212
            ],
            [
              6.0885685,
              50.1707056
            ],
            [
              6.0861847,
              50.1717702
            ],
            [
              6.0842532,
              50.1720016
            ],
            [
              6.0792042,
              50.1707895
            ],
            [
              6.0799054,
              50.1694832
            ],
            [
              6.0789292,
              50.1680557
            ],
            [
              6.0805112,
              50.1625219
            ],
            [
              6.0802292,
              50.1611878
            ],
            [
              6.0790729,
              50.1599772
            ],
            [
              6.0786013,
              50.1585365
            ],
            [
              6.0785193,
              50.1571782
            ],
            [
              6.0787927,
              50.1565008
            ],
            [
              6.0773611,
              50.1569367
            ],
            [
              6.0756921,
              50.156887
            ],
            [
              6.0741896,
              50.1574736
            ],
            [
              6.0720105,
              50.1573897
            ],
            [
              6.070752,
              50.1568459
            ],
            [
              6.0707668,
              50.1566524
            ],
            [
              6.0702759,
              50.1566613
            ],
            [
              6.0688392,
              50.1552969
            ],
            [
              6.0657697,
              50.1540146
            ],
            [
              6.0645263,
              50.1537857
            ],
            [
              6.0646255,
              50.1536308
            ],
            [
              6.0641983,
              50.1534426
            ],
            [
              6.0634566,
              50.1533413
            ],
            [
              6.0633528,
              50.1535918
            ],
            [
              6.0626258,
              50.153859
            ],
            [
              6.0614502,
              50.1536408
            ],
            [
              6.0570193,
              50.1543451
            ],
            [
              6.0553728,
              50.1551412
            ],
            [
              6.0502913,
              50.1568191
            ],
            [
              6.0451698,
              50.1576995
            ],
            [
              6.0431444,
              50.1586283
            ],
            [
              6.0400463,
              50.1594034
            ],
            [
              6.0372425,
              50.1605584
            ],
            [
              6.0352175,
              50.1619066
            ],
            [
              6.0335921,
              50.1622714
            ],
            [
              6.0313927,
              50.1639167
            ],
            [
              6.0292903,
              50.1661853
            ],
            [
              6.029577,
              50.1673653
            ],
            [
              6.0293483,
              50.1689157
            ],
            [
              6.029562,
              50.1707389
            ],
            [
              6.0291488,
              50.1728591
            ],
            [
              6.0281142,
              50.1752189
            ],
            [
              6.0264466,
              50.1774896
            ],
            [
              6.0247809,
              50.1827989
            ],
            [
              6.0222058,
              50.1824337
            ],
            [
              6.0201851,
              50.1817033
            ],
            [
              6.0179742,
              50.1813219
            ],
            [
              6.0170209,
              50.1805757
            ],
            [
              6.0148699,
              50.1798432
            ],
            [
              6.0132123,
              50.1789834
            ],
            [
              6.0115055,
              50.1784962
            ],
            [
              6.0095132,
              50.1782545
            ],
            [
              6.0042033,
              50.1766285
            ],
            [
              6.0017033,
              50.1760937
            ],
            [
              5.9909507,
              50.1752184
            ],
            [
              5.971065,
              50.1750173
            ],
            [
              5.9694909,
              50.173403
            ],
            [
              5.9683562,
              50.1728496
            ],
            [
              5.9651018,
              50.1730591
            ],
            [
              5.9636793,
              50.1726299
            ],
            [
              5.964255,
              50.1712575
            ],
            [
              5.9641776,
              50.1648859
            ],
            [
              5.9638804,
              50.1639289
            ],
            [
              5.9617697,
              50.1607587
            ],
            [
              5.963195,
              50.1609358
            ],
            [
              5.9643064,
              50.1582367
            ],
            [
              5.9671523,
              50.1551607
            ],
            [
              5.9654178,
              50.1537143
            ],
            [
              5.962935,
              50.1530548
            ],
            [
              5.9626883,
              50.1533347
            ],
            [
              5.9581365,
              50.1513939
            ],
            [
              5.9588246,
              50.1511769
            ],
            [
              5.9586994,
              50.1505256
            ],
            [
              5.9612094,
              50.1498106
            ],
            [
              5.9601728,
              50.1475529
            ],
            [
              5.9613458,
              50.1425641
            ],
            [
              5.9585396,
              50.1388627
            ],
            [
              5.9598298,
              50.134268
            ],
            [
              5.9613313,
              50.1313602
            ],
            [
              5.959674,
              50.1310067
            ],
            [
              5.9540089,
              50.1309736
            ],
            [
              5.9537401,
              50.1306755
            ],
            [
              5.954015,
              50.1301912
            ],
            [
              5.9501293,
              50.1291966
            ],
            [
              5.9431358,
              50.1291002
            ],
            [
              5.9382454,
              50.1275608
            ],
            [
              5.937173,
              50.1269359
            ],
            [
              5.9362869,
              50.1270146
            ],
            [
              5.9343145,
              50.1267464
            ],
            [
              5.9341385,
              50.1269466
            ],
            [
              5.9296603,
              50.1261878
            ],
            [
              5.9258984,
              50.1244055
            ],
            [
              5.9216362,
              50.1232243
            ],
            [
              5.9174095,
              50.121538
            ],
            [
              5.9159479,
              50.1215419
            ],
            [
              5.9140958,
              50.1218989
            ],
            [
              5.9111878,
              50.1207358
            ],
            [
              5.9095221,
              50.119086
            ],
            [
              5.9034913,
              50.117211
            ],
            [
              5.9008267,
              50.1161229
            ],
            [
              5.8983046,
              50.1136699
            ],
            [
              5.8953149,
              50.1121606
            ],
            [
              5.8955022,
              50.1111009
            ],
            [
              5.8950411,
              50.1091825
            ],
            [
              5.8953218,
              50.1055123
            ],
            [
              5.894399,
              50.1031087
            ],
            [
              5.894558,
              50.1011507
            ],
            [
              5.8919788,
              50.0993206
            ],
            [
              5.890909,
              50.0973807
            ],
            [
              5.8892858,
              50.0955468
            ],
            [
              5.888453,
              50.093541
            ],
            [
              5.8864686,
              50.0905071
            ],
            [
              5.8872996,
              50.0856511
            ],
            [
              5.8875481,
              50.0819164
            ],
            [
              5.8874487,
              50.0797153
            ],
            [
              5.8871608,
              50.0791373
            ],
            [
              5.8860113,
              50.0780832
            ],
            [
              5.8834161,
              50.0769475
            ],
            [
              5.8824281,
              50.0761444
            ],
            [
              5.8822254,
              50.0768652
            ],
            [
              5.8785179,
              50.0764087
            ],
            [
              5.8728998,
              50.075055
            ],
            [
              5.8679369,
              50.0734414
            ],
            [
              5.8677157,
              50.0733491
            ],
            [
              5.8678848,
              50.0720848
            ],
            [
              5.8659315,
              50.070654
            ],
            [
              5.8627351,
              50.0695204
            ],
            [
              5.8606611,
              50.0692095
            ],
            [
              5.8584431,
              50.0668068
            ],
            [
              5.8571326,
              50.0648003
            ],
            [
              5.8566372,
              50.0634922
            ],
            [
              5.856451,
              50.0621244
            ],
            [
              5.8566724,
              50.0616086
            ],
            [
              5.8548226,
              50.0600236
            ],
            [
              5.8542427,
              50.0588806
            ],
            [
              5.8556453,
              50.0578423
            ],
            [
              5.8564671,
              50.0576811
            ],
            [
              5.8575078,
              50.0550212
            ],
            [
              5.8586692,
              50.0549854
            ],
            [
              5.8605819,
              50.0544151
            ],
            [
              5.8610867,
              50.0549928
            ],
            [
              5.861321,
              50.0545237
            ],
            [
              5.8636955,
              50.0530109
            ],
            [
              5.8657807,
              50.0511641
            ],
            [
              5.8673391,
              50.0501588
            ],
            [
              5.8699252,
              50.0459307
            ],
            [
              5.8674835,
              50.0453375
            ],
            [
              5.868503,
              50.0439517
            ],
            [
              5.8683002,
              50.0437326
            ],
            [
              5.8674421,
              50.0432636
            ],
            [
              5.8671918,
              50.0434171
            ],
            [
              5.865299,
              50.0426972
            ],
            [
              5.8653663,
              50.0424325
            ],
            [
              5.863253,
              50.0422064
            ],
            [
              5.86331,
              50.0417784
            ],
            [
              5.8622969,
              50.04113
            ],
            [
              5.8629565,
              50.0402062
            ],
            [
              5.862575,
              50.0400853
            ],
            [
              5.8632963,
              50.0393966
            ],
            [
              5.8636521,
              50.0393754
            ],
            [
              5.8598224,
              50.0383963
            ],
            [
              5.8576567,
              50.0369487
            ],
            [
              5.8560667,
              50.0362732
            ],
            [
              5.8568559,
              50.035704
            ],
            [
              5.8565133,
              50.0353941
            ],
            [
              5.8580734,
              50.0346866
            ],
            [
              5.8575211,
              50.0332253
            ],
            [
              5.8592622,
              50.0313736
            ],
            [
              5.8589412,
              50.0313385
            ],
            [
              5.8590841,
              50.0309961
            ],
            [
              5.8594479,
              50.0309164
            ],
            [
              5.8590245,
              50.0302604
            ],
            [
              5.8598756,
              50.0288742
            ],
            [
              5.8590937,
              50.0284625
            ],
            [
              5.8567802,
              50.0283444
            ],
            [
              5.8532377,
              50.0275645
            ],
            [
              5.8537045,
              50.0265979
            ],
            [
              5.8515203,
              50.0261008
            ],
            [
              5.852457,
              50.0229005
            ],
            [
              5.8497701,
              50.0222233
            ],
            [
              5.8463804,
              50.0207836
            ],
            [
              5.8438092,
              50.0193747
            ],
            [
              5.8425723,
              50.0195005
            ],
            [
              5.8417278,
              50.0186019
            ],
            [
              5.8415011,
              50.0187177
            ],
            [
              5.8408261,
              50.0182964
            ],
            [
              5.8406783,
              50.0190273
            ],
            [
              5.8401504,
              50.0191222
            ],
            [
              5.8401296,
              50.0194164
            ],
            [
              5.8383707,
              50.0192105
            ],
            [
              5.8384707,
              50.0189296
            ],
            [
              5.8374746,
              50.0186704
            ],
            [
              5.8360227,
              50.0187326
            ],
            [
              5.8337522,
              50.0184197
            ],
            [
              5.8323932,
              50.0179495
            ],
            [
              5.8328705,
              50.0173007
            ],
            [
              5.8325088,
              50.017085
            ],
            [
              5.8293019,
              50.0157666
            ],
            [
              5.8301335,
              50.0148385
            ],
            [
              5.8277546,
              50.014848
            ],
            [
              5.8274367,
              50.0140724
            ],
            [
              5.8258573,
              50.0149191
            ],
            [
              5.8254574,
              50.0144004
            ],
            [
              5.824162,
              50.0149685
            ],
            [
              5.8228864,
              50.0140102
            ],
            [
              5.8222897,
              50.0144036
            ],
            [
              5.818987,
              50.0128053
            ],
            [
              5.8200538,
              50.0112333
            ],
            [
              5.8193723,
              50.0112148
            ],
            [
              5.8199967,
              50.0093483
            ],
            [
              5.8211093,
              50.0072172
            ],
            [
              5.8222364,
              50.0058908
            ],
            [
              5.8215785,
              50.0054539
            ],
            [
              5.8204281,
              50.0051721
            ],
            [
              5.8213549,
              50.0037447
            ],
            [
              5.8208262,
              50.0035124
            ],
            [
              5.8216667,
              50.0028433
            ],
            [
              5.8216981,
              50.0018124
            ],
            [
              5.8206827,
              50.0008087
            ],
            [
              5.8208473,
              50.0001796
            ],
            [
              5.8227264,
              49.997935
            ],
            [
              5.8235944,
              49.9969899
            ],
            [
              5.8271517,
              49.9957796
            ],
            [
              5.8296451,
              49.9941408
            ],
            [
              5.8324243,
              49.9905131
            ],
            [
              5.8357111,
              49.9911841
            ],
            [
              5.8366353,
              49.9911574
            ],
            [
              5.8401338,
              49.9894361
            ],
            [
              5.8392397,
              49.9888849
            ],
            [
              5.8390576,
              49.9884813
            ],
            [
              5.8394053,
              49.9873159
            ],
            [
              5.8389574,
              49.9867914
            ],
            [
              5.8387597,
              49.9843636
            ],
            [
              5.8394666,
              49.9840689
            ],
            [
              5.8385801,
              49.9822982
            ],
            [
              5.8382647,
              49.9823923
            ],
            [
              5.8374872,
              49.9809294
            ],
            [
              5.8363569,
              49.9799201
            ],
            [
              5.8357671,
              49.9788811
            ],
            [
              5.8351406,
              49.9790289
            ],
            [
              5.8341451,
              49.9782279
            ],
            [
              5.8335208,
              49.9785149
            ],
            [
              5.8318333,
              49.9765127
            ],
            [
              5.8304246,
              49.9759433
            ],
            [
              5.8279149,
              49.9759696
            ],
            [
              5.8263055,
              49.9746716
            ],
            [
              5.8255074,
              49.9752309
            ],
            [
              5.8235356,
              49.9751716
            ],
            [
              5.8202689,
              49.9737993
            ],
            [
              5.8205443,
              49.9733066
            ],
            [
              5.8195413,
              49.9720436
            ],
            [
              5.8168329,
              49.972593
            ],
            [
              5.8160475,
              49.972362
            ],
            [
              5.813148,
              49.9725813
            ],
            [
              5.8123277,
              49.9721396
            ],
            [
              5.8104376,
              49.9706775
            ],
            [
              5.8108137,
              49.9698687
            ],
            [
              5.8096177,
              49.9676541
            ],
            [
              5.8109042,
              49.9658417
            ],
            [
              5.8101372,
              49.9645593
            ],
            [
              5.8105374,
              49.9640923
            ],
            [
              5.8070402,
              49.9623953
            ],
            [
              5.8065451,
              49.9623036
            ],
            [
              5.8042731,
              49.9631395
            ],
            [
              5.8030904,
              49.9633269
            ],
            [
              5.8026878,
              49.9630333
            ],
            [
              5.8002207,
              49.9629546
            ],
            [
              5.7982633,
              49.964116
            ],
            [
              5.7974347,
              49.9643465
            ],
            [
              5.7964803,
              49.9653534
            ],
            [
              5.7957794,
              49.965689
            ],
            [
              5.7909399,
              49.9638811
            ],
            [
              5.7911851,
              49.9617986
            ],
            [
              5.7856279,
              49.9609858
            ],
            [
              5.7847271,
              49.9615936
            ],
            [
              5.7843456,
              49.9614416
            ],
            [
              5.7833591,
              49.962087
            ],
            [
              5.7806074,
              49.9626945
            ],
            [
              5.7750254,
              49.9607957
            ],
            [
              5.7756726,
              49.959459
            ],
            [
              5.7772285,
              49.957735
            ],
            [
              5.7753324,
              49.9570614
            ],
            [
              5.7751753,
              49.9571995
            ],
            [
              5.7736713,
              49.9565028
            ],
            [
              5.7748612,
              49.9549334
            ],
            [
              5.7744416,
              49.9536597
            ],
            [
              5.7750354,
              49.953143
            ],
            [
              5.7739259,
              49.9523036
            ],
            [
              5.7721687,
              49.9515054
            ],
            [
              5.771185,
              49.9506133
            ],
            [
              5.7714902,
              49.9501231
            ],
            [
              5.770369,
              49.949585
            ],
            [
              5.7713347,
              49.9461256
            ],
            [
              5.7728124,
              49.946514
            ],
            [
              5.7727109,
              49.9456024
            ],
            [
              5.773251,
              49.9447512
            ],
            [
              5.7717791,
              49.9444743
            ],
            [
              5.7738883,
              49.9414385
            ],
            [
              5.7751585,
              49.9377112
            ],
            [
              5.7731261,
              49.9376908
            ],
            [
              5.7730153,
              49.9372242
            ],
            [
              5.7725147,
              49.9371601
            ],
            [
              5.772512,
              49.9367317
            ],
            [
              5.7704238,
              49.9366774
            ],
            [
              5.7706989,
              49.9357895
            ],
            [
              5.7703594,
              49.9357006
            ],
            [
              5.7703276,
              49.9341043
            ],
            [
              5.7700728,
              49.9332022
            ],
            [
              5.7697713,
              49.9331076
            ],
            [
              5.7709707,
              49.9316455
            ],
            [
              5.7689158,
              49.9316485
            ],
            [
              5.7668138,
              49.931216
            ],
            [
              5.7639466,
              49.9314557
            ],
            [
              5.7646308,
              49.9305153
            ],
            [
              5.7645159,
              49.9300168
            ],
            [
              5.7638283,
              49.9297786
            ],
            [
              5.7649339,
              49.9289902
            ],
            [
              5.7640962,
              49.9284538
            ],
            [
              5.7643015,
              49.9282001
            ],
            [
              5.7637212,
              49.9279052
            ],
            [
              5.7634241,
              49.9273777
            ],
            [
              5.7636098,
              49.9264721
            ],
            [
              5.7647896,
              49.926429
            ],
            [
              5.763594,
              49.9245012
            ],
            [
              5.7644922,
              49.9241183
            ],
            [
              5.7616793,
              49.9232495
            ],
            [
              5.7622479,
              49.9214859
            ],
            [
              5.7620266,
              49.9196878
            ],
            [
              5.7609809,
              49.918506
            ],
            [
              5.7604667,
              49.9173
            ],
            [
              5.7609355,
              49.9172715
            ],
            [
              5.7640109,
              49.9157681
            ],
            [
              5.7636811,
              49.9154021
            ],
            [
              5.75308,
              49.9119805
            ],
            [
              5.7480981,
              49.9094391
            ],
            [
              5.7483545,
              49.9092484
            ],
            [
              5.7477126,
              49.9086721
            ],
            [
              5.7464929,
              49.9082819
            ],
            [
              5.7466411,
              49.9080435
            ],
            [
              5.7460589,
              49.9077867
            ],
            [
              5.7466273,
              49.9070397
            ],
            [
              5.7466705,
              49.9063135
            ],
            [
              5.7456723,
              49.9061857
            ],
            [
              5.7438666,
              49.9052727
            ],
            [
              5.7398881,
              49.9041956
            ],
            [
              5.7397851,
              49.9039971
            ],
            [
              5.7405736,
              49.9031213
            ],
            [
              5.740461,
              49.9021745
            ],
            [
              5.7389113,
              49.9017253
            ],
            [
              5.7376068,
              49.9009719
            ],
            [
              5.7362142,
              49.8990368
            ],
            [
              5.736698,
              49.8981473
            ],
            [
              5.7357073,
              49.8969748
            ],
            [
              5.7379936,
              49.8962421
            ],
            [
              5.7397582,
              49.8949961
            ],
            [
              5.7427177,
              49.8951217
            ],
            [
              5.7451942,
              49.8942643
            ],
            [
              5.7463785,
              49.8941796
            ],
            [
              5.7465026,
              49.8937121
            ],
            [
              5.7478675,
              49.8923891
            ],
            [
              5.7504252,
              49.8915093
            ],
            [
              5.7519396,
              49.8912816
            ],
            [
              5.7529772,
              49.891305
            ],
            [
              5.7530379,
              49.8914706
            ],
            [
              5.7542443,
              49.8912953
            ],
            [
              5.7559501,
              49.890721
            ],
            [
              5.7557993,
              49.8905866
            ],
            [
              5.7566026,
              49.8898064
            ],
            [
              5.7570987,
              49.8898071
            ],
            [
              5.7573408,
              49.8894579
            ],
            [
              5.7601832,
              49.8892719
            ],
            [
              5.7633739,
              49.8882429
            ],
            [
              5.7649389,
              49.8882297
            ],
            [
              5.7651324,
              49.8880524
            ],
            [
              5.7657825,
              49.888243
            ],
            [
              5.7665876,
              49.8879733
            ],
            [
              5.7673543,
              49.8872912
            ],
            [
              5.7686275,
              49.8869598
            ],
            [
              5.7699718,
              49.88696
            ],
            [
              5.770607,
              49.8873455
            ],
            [
              5.7705309,
              49.886868
            ],
            [
              5.7717336,
              49.8851624
            ],
            [
              5.7724047,
              49.8847372
            ],
            [
              5.778106,
              49.8837572
            ],
            [
              5.7784337,
              49.8834646
            ],
            [
              5.7781949,
              49.8834174
            ],
            [
              5.7783393,
              49.8828199
            ],
            [
              5.7780581,
              49.8820791
            ],
            [
              5.7784269,
              49.8816572
            ],
            [
              5.778704,
              49.881693
            ],
            [
              5.7788444,
              49.8811425
            ],
            [
              5.7809989,
              49.8798567
            ],
            [
              5.7829158,
              49.8791482
            ],
            [
              5.7833923,
              49.8786875
            ],
            [
              5.7835585,
              49.8778357
            ],
            [
              5.7826997,
              49.8757447
            ],
            [
              5.7802857,
              49.8770514
            ],
            [
              5.7793677,
              49.8771834
            ],
            [
              5.7787214,
              49.8768217
            ],
            [
              5.7780377,
              49.8758875
            ],
            [
              5.7788551,
              49.8749425
            ],
            [
              5.7839964,
              49.8730642
            ],
            [
              5.7837364,
              49.872408
            ],
            [
              5.7830007,
              49.871866
            ],
            [
              5.7797624,
              49.8722967
            ],
            [
              5.7775325,
              49.8720984
            ],
            [
              5.7772154,
              49.8713241
            ],
            [
              5.776478,
              49.871005
            ],
            [
              5.7763787,
              49.8700498
            ],
            [
              5.7745328,
              49.8672994
            ],
            [
              5.7737654,
              49.8675964
            ],
            [
              5.772064,
              49.8713976
            ],
            [
              5.7715658,
              49.8718776
            ],
            [
              5.7701973,
              49.8724593
            ],
            [
              5.7694805,
              49.8725686
            ],
            [
              5.7690501,
              49.8723995
            ],
            [
              5.7681155,
              49.8706545
            ],
            [
              5.7671562,
              49.8698624
            ],
            [
              5.7650983,
              49.8693177
            ],
            [
              5.7626591,
              49.8695221
            ],
            [
              5.7600824,
              49.8718972
            ],
            [
              5.7587339,
              49.8728
            ],
            [
              5.757635,
              49.8730718
            ],
            [
              5.7561511,
              49.8731748
            ],
            [
              5.7539243,
              49.8719176
            ],
            [
              5.7539867,
              49.8712184
            ],
            [
              5.7535679,
              49.8707085
            ],
            [
              5.753399,
              49.8697482
            ],
            [
              5.7527006,
              49.8689387
            ],
            [
              5.7529841,
              49.8681913
            ],
            [
              5.7560339,
              49.8668005
            ],
            [
              5.7570119,
              49.8649081
            ],
            [
              5.7544771,
              49.8620544
            ],
            [
              5.7553514,
              49.8612565
            ],
            [
              5.7554264,
              49.8607023
            ],
            [
              5.7565278,
              49.8601749
            ],
            [
              5.7574245,
              49.8589263
            ],
            [
              5.758451,
              49.8585042
            ],
            [
              5.7604665,
              49.8570146
            ],
            [
              5.7607366,
              49.8563747
            ],
            [
              5.759147,
              49.8558678
            ],
            [
              5.7578295,
              49.8557602
            ],
            [
              5.7570664,
              49.8559135
            ],
            [
              5.7564792,
              49.8563531
            ],
            [
              5.754554,
              49.8565488
            ],
            [
              5.7516993,
              49.8548751
            ],
            [
              5.7505359,
              49.8544459
            ],
            [
              5.7499752,
              49.8543144
            ],
            [
              5.7478659,
              49.8545691
            ],
            [
              5.7460869,
              49.8541111
            ],
            [
              5.7457393,
              49.8536948
            ],
            [
              5.7459835,
              49.852331
            ],
            [
              5.7471281,
              49.8518006
            ],
            [
              5.7481414,
              49.8520699
            ],
            [
              5.7498997,
              49.8514004
            ],
            [
              5.7511577,
              49.8517559
            ],
            [
              5.7522177,
              49.8515116
            ],
            [
              5.7537527,
              49.851819
            ],
            [
              5.7549175,
              49.8517179
            ],
            [
              5.7581558,
              49.8493886
            ],
            [
              5.758543,
              49.8487356
            ],
            [
              5.7581584,
              49.846236
            ],
            [
              5.7570581,
              49.8455025
            ],
            [
              5.7544844,
              49.8448433
            ],
            [
              5.7526606,
              49.84537
            ],
            [
              5.7514789,
              49.847252
            ],
            [
              5.7499473,
              49.8472292
            ],
            [
              5.7486581,
              49.8467325
            ],
            [
              5.7482031,
              49.8460868
            ],
            [
              5.7486143,
              49.8450618
            ],
            [
              5.7482909,
              49.8442032
            ],
            [
              5.7484479,
              49.8426348
            ],
            [
              5.749306,
              49.8416022
            ],
            [
              5.750488,
              49.841058
            ],
            [
              5.7506163,
              49.8404404
            ],
            [
              5.7502676,
              49.8396841
            ],
            [
              5.7493164,
              49.8388882
            ],
            [
              5.7480282,
              49.8385056
            ],
            [
              5.7455273,
              49.8388094
            ],
            [
              5.7438803,
              49.8396107
            ],
            [
              5.7425272,
              49.8394835
            ],
            [
              5.7409356,
              49.8389011
            ],
            [
              5.7396749,
              49.8364509
            ],
            [
              5.7400442,
              49.8357923
            ],
            [
              5.7393132,
              49.8336652
            ],
            [
              5.74385,
              49.8314741
            ],
            [
              5.7446883,
              49.8297718
            ],
            [
              5.7458385,
              49.8282785
            ],
            [
              5.7463491,
              49.8262886
            ],
            [
              5.7470796,
              49.8253994
            ],
            [
              5.7482721,
              49.8245546
            ],
            [
              5.7479394,
              49.8232306
            ],
            [
              5.7433941,
              49.8209789
            ],
            [
              5.7440502,
              49.8192711
            ],
            [
              5.745649,
              49.8171372
            ],
            [
              5.7463444,
              49.8156519
            ],
            [
              5.7471915,
              49.8152748
            ],
            [
              5.7485139,
              49.8152967
            ],
            [
              5.7498159,
              49.8149291
            ],
            [
              5.7511796,
              49.8148644
            ],
            [
              5.7512502,
              49.8140437
            ],
            [
              5.7504938,
              49.812592
            ],
            [
              5.7508051,
              49.8121763
            ],
            [
              5.7499507,
              49.8119712
            ],
            [
              5.7504549,
              49.8112653
            ],
            [
              5.7500521,
              49.811144
            ],
            [
              5.7505144,
              49.8092614
            ],
            [
              5.7500329,
              49.8090701
            ],
            [
              5.7505169,
              49.8080465
            ],
            [
              5.7503674,
              49.8071873
            ],
            [
              5.7508918,
              49.807099
            ],
            [
              5.7503522,
              49.8062578
            ],
            [
              5.7509909,
              49.8057601
            ],
            [
              5.7528957,
              49.7969525
            ],
            [
              5.7535278,
              49.7967093
            ],
            [
              5.7531538,
              49.796225
            ],
            [
              5.7535498,
              49.7951175
            ],
            [
              5.7530907,
              49.7933973
            ],
            [
              5.7542082,
              49.7934173
            ],
            [
              5.7541196,
              49.7926429
            ],
            [
              5.754839,
              49.7926169
            ],
            [
              5.7551549,
              49.7914547
            ],
            [
              5.7614114,
              49.7928735
            ],
            [
              5.7613567,
              49.7930487
            ],
            [
              5.7619286,
              49.7931649
            ],
            [
              5.7640041,
              49.7932829
            ],
            [
              5.7640792,
              49.7931461
            ],
            [
              5.765185,
              49.7938202
            ],
            [
              5.7660458,
              49.7934178
            ],
            [
              5.769269,
              49.7942693
            ],
            [
              5.7698355,
              49.7938545
            ],
            [
              5.7702572,
              49.7942373
            ],
            [
              5.7716994,
              49.7931877
            ],
            [
              5.7737022,
              49.7942685
            ],
            [
              5.7765752,
              49.7946242
            ],
            [
              5.7774131,
              49.7944397
            ],
            [
              5.7781467,
              49.7937499
            ],
            [
              5.7813457,
              49.7922672
            ],
            [
              5.7820429,
              49.7931547
            ],
            [
              5.7843291,
              49.7946435
            ],
            [
              5.7853091,
              49.7962293
            ],
            [
              5.7883863,
              49.7966504
            ],
            [
              5.7903622,
              49.7957561
            ],
            [
              5.793297,
              49.7905727
            ],
            [
              5.7917725,
              49.7883774
            ],
            [
              5.791625,
              49.7878365
            ],
            [
              5.7919267,
              49.7871314
            ],
            [
              5.7946548,
              49.7846293
            ],
            [
              5.7970839,
              49.783147
            ],
            [
              5.7984258,
              49.7819023
            ],
            [
              5.7995006,
              49.7779747
            ],
            [
              5.8040042,
              49.7762905
            ],
            [
              5.8072349,
              49.7724651
            ],
            [
              5.8086174,
              49.7670236
            ],
            [
              5.8094456,
              49.7653338
            ],
            [
              5.8111139,
              49.7653553
            ],
            [
              5.8159716,
              49.7622087
            ],
            [
              5.8166331,
              49.7580162
            ],
            [
              5.8179107,
              49.7547285
            ],
            [
              5.8178495,
              49.753977
            ],
            [
              5.8197899,
              49.7536932
            ],
            [
              5.8208594,
              49.7532592
            ],
            [
              5.8204589,
              49.7512657
            ],
            [
              5.8219157,
              49.7505005
            ],
            [
              5.8230189,
              49.7494691
            ],
            [
              5.8240252,
              49.7493165
            ],
            [
              5.827721,
              49.7502597
            ],
            [
              5.8288856,
              49.7500891
            ],
            [
              5.8305606,
              49.7495455
            ],
            [
              5.8308586,
              49.7486104
            ],
            [
              5.8323644,
              49.7469429
            ],
            [
              5.830387,
              49.7433689
            ],
            [
              5.8317565,
              49.7419167
            ],
            [
              5.8319431,
              49.7419946
            ],
            [
              5.8326455,
              49.7414705
            ],
            [
              5.8299543,
              49.7405372
            ],
            [
              5.8274392,
              49.7391303
            ],
            [
              5.8278057,
              49.7380164
            ],
            [
              5.8284883,
              49.7371767
            ],
            [
              5.827875,
              49.7369667
            ],
            [
              5.8282641,
              49.7333982
            ],
            [
              5.8275522,
              49.7326298
            ],
            [
              5.8253716,
              49.732037
            ],
            [
              5.8271534,
              49.728902
            ],
            [
              5.8265711,
              49.7283329
            ],
            [
              5.8269098,
              49.7269022
            ],
            [
              5.8243277,
              49.7260657
            ],
            [
              5.8249837,
              49.7248493
            ],
            [
              5.8262869,
              49.7235631
            ],
            [
              5.8278459,
              49.7236666
            ],
            [
              5.8311816,
              49.7244665
            ],
            [
              5.834474,
              49.7240558
            ],
            [
              5.8346878,
              49.724421
            ],
            [
              5.8352591,
              49.7245098
            ],
            [
              5.8379842,
              49.7238647
            ],
            [
              5.838308,
              49.7235995
            ],
            [
              5.8378516,
              49.7230087
            ],
            [
              5.8389335,
              49.7222749
            ],
            [
              5.8408569,
              49.7214869
            ],
            [
              5.8440049,
              49.7212806
            ],
            [
              5.8449804,
              49.7214856
            ],
            [
              5.8476137,
              49.7229771
            ],
            [
              5.8500175,
              49.7239467
            ],
            [
              5.8547106,
              49.7247344
            ],
            [
              5.8559028,
              49.7252105
            ],
            [
              5.8572239,
              49.7261193
            ],
            [
              5.8600205,
              49.7272149
            ],
            [
              5.8616254,
              49.726273
            ],
            [
              5.8627503,
              49.7266746
            ],
            [
              5.8649323,
              49.7269331
            ],
            [
              5.8668152,
              49.7262015
            ],
            [
              5.8697686,
              49.7239114
            ],
            [
              5.869597,
              49.7237822
            ],
            [
              5.8704831,
              49.7233825
            ],
            [
              5.8702929,
              49.7225518
            ],
            [
              5.8706943,
              49.7216156
            ],
            [
              5.8735094,
              49.7216004
            ],
            [
              5.8751689,
              49.7218793
            ],
            [
              5.8753772,
              49.7216714
            ],
            [
              5.8756182,
              49.7209764
            ],
            [
              5.874919,
              49.7204686
            ],
            [
              5.8765969,
              49.7181197
            ],
            [
              5.8742032,
              49.7174483
            ],
            [
              5.8747402,
              49.7167816
            ],
            [
              5.8749128,
              49.715674
            ],
            [
              5.8777998,
              49.7147113
            ],
            [
              5.8818484,
              49.7129348
            ],
            [
              5.8826087,
              49.7119907
            ],
            [
              5.8835024,
              49.7116359
            ],
            [
              5.8841647,
              49.7108098
            ],
            [
              5.886986,
              49.709311
            ],
            [
              5.8819254,
              49.7054308
            ],
            [
              5.877941,
              49.7012087
            ],
            [
              5.8731178,
              49.6985673
            ],
            [
              5.871806,
              49.6984619
            ],
            [
              5.8705748,
              49.6971638
            ],
            [
              5.8690297,
              49.6947669
            ],
            [
              5.8681882,
              49.6944484
            ],
            [
              5.8667036,
              49.6943631
            ],
            [
              5.8657283,
              49.693003
            ],
            [
              5.8667539,
              49.6924623
            ],
            [
              5.8669,
              49.6917247
            ],
            [
              5.8634047,
              49.6884986
            ],
            [
              5.8643057,
              49.6882563
            ],
            [
              5.8645459,
              49.6873564
            ],
            [
              5.8640845,
              49.6871573
            ],
            [
              5.8642679,
              49.6865842
            ],
            [
              5.8638309,
              49.6863978
            ],
            [
              5.8626464,
              49.684557
            ],
            [
              5.8625116,
              49.6839806
            ],
            [
              5.8628705,
              49.6830576
            ],
            [
              5.8623455,
              49.682184
            ],
            [
              5.8623479,
              49.6815767
            ],
            [
              5.861815,
              49.6810651
            ],
            [
              5.8624546,
              49.6796632
            ],
            [
              5.8653864,
              49.6760919
            ],
            [
              5.8674987,
              49.675147
            ],
            [
              5.8701965,
              49.675353
            ],
            [
              5.8739081,
              49.6732643
            ],
            [
              5.8780078,
              49.6733077
            ],
            [
              5.8784641,
              49.6729242
            ],
            [
              5.8791716,
              49.6728836
            ],
            [
              5.8808853,
              49.6720387
            ],
            [
              5.8821764,
              49.6718074
            ],
            [
              5.8824164,
              49.6716946
            ],
            [
              5.8822854,
              49.6703331
            ],
            [
              5.883235,
              49.6701963
            ],
            [
              5.8845365,
              49.6705754
            ],
            [
              5.8850629,
              49.6704822
            ],
            [
              5.8847253,
              49.6690328
            ],
            [
              5.8864986,
              49.6678911
            ],
            [
              5.8871639,
              49.6679597
            ],
            [
              5.8873304,
              49.6683943
            ],
            [
              5.8870234,
              49.6687429
            ],
            [
              5.8874763,
              49.6697188
            ],
            [
              5.8892462,
              49.6703887
            ],
            [
              5.8901511,
              49.6704692
            ],
            [
              5.8902876,
              49.6694042
            ],
            [
              5.8914015,
              49.6686315
            ],
            [
              5.891505,
              49.6680578
            ],
            [
              5.8922087,
              49.6674521
            ],
            [
              5.8919056,
              49.6668818
            ],
            [
              5.8927543,
              49.6662369
            ],
            [
              5.893836,
              49.6663483
            ],
            [
              5.8941344,
              49.6677508
            ],
            [
              5.8957589,
              49.668738
            ],
            [
              5.896314,
              49.668542
            ],
            [
              5.8964937,
              49.6680084
            ],
            [
              5.8979884,
              49.6664198
            ],
            [
              5.8993249,
              49.6659288
            ],
            [
              5.9000738,
              49.6659962
            ],
            [
              5.9008938,
              49.6667642
            ],
            [
              5.900704,
              49.6673874
            ],
            [
              5.90161,
              49.6681111
            ],
            [
              5.9022722,
              49.6681784
            ],
            [
              5.9031096,
              49.6671579
            ],
            [
              5.9013726,
              49.666192
            ],
            [
              5.901753,
              49.6643167
            ],
            [
              5.9025109,
              49.6640172
            ],
            [
              5.9034525,
              49.6641824
            ],
            [
              5.9040479,
              49.6647521
            ],
            [
              5.9048628,
              49.6648583
            ],
            [
              5.9058481,
              49.6655681
            ],
            [
              5.9083887,
              49.6656723
            ],
            [
              5.9094644,
              49.664562
            ],
            [
              5.9106751,
              49.6624741
            ],
            [
              5.9076051,
              49.6620886
            ],
            [
              5.904872,
              49.6610789
            ],
            [
              5.905059,
              49.660723
            ],
            [
              5.9029642,
              49.6575868
            ],
            [
              5.904429,
              49.6555909
            ],
            [
              5.9054144,
              49.6547605
            ],
            [
              5.9029625,
              49.6538302
            ],
            [
              5.9022234,
              49.6517928
            ],
            [
              5.9018808,
              49.6518118
            ],
            [
              5.9017335,
              49.6514412
            ],
            [
              5.902837,
              49.6513483
            ],
            [
              5.902212,
              49.6494094
            ],
            [
              5.9026921,
              49.6469153
            ],
            [
              5.9022139,
              49.6459472
            ],
            [
              5.9029092,
              49.6455357
            ],
            [
              5.9041187,
              49.6456105
            ],
            [
              5.9043513,
              49.6413871
            ],
            [
              5.9053719,
              49.6407639
            ],
            [
              5.9056794,
              49.640032
            ],
            [
              5.9077152,
              49.6390729
            ],
            [
              5.9058899,
              49.6382311
            ],
            [
              5.9030129,
              49.6360423
            ],
            [
              5.898964,
              49.6343789
            ],
            [
              5.8976222,
              49.6358221
            ],
            [
              5.895315,
              49.6362688
            ],
            [
              5.8922839,
              49.6362356
            ],
            [
              5.8896628,
              49.6353937
            ],
            [
              5.8869074,
              49.634955
            ],
            [
              5.8861914,
              49.6337522
            ],
            [
              5.8852937,
              49.633372
            ],
            [
              5.8845483,
              49.6333643
            ],
            [
              5.8838615,
              49.6329796
            ],
            [
              5.8827061,
              49.6309463
            ],
            [
              5.8858217,
              49.6290247
            ],
            [
              5.8854922,
              49.6288903
            ],
            [
              5.886775,
              49.6273182
            ],
            [
              5.8863355,
              49.627252
            ],
            [
              5.8854787,
              49.6265178
            ],
            [
              5.8843856,
              49.6262144
            ],
            [
              5.8829153,
              49.625227
            ],
            [
              5.8825622,
              49.6252913
            ],
            [
              5.8824076,
              49.6249782
            ],
            [
              5.8815398,
              49.6247005
            ],
            [
              5.8813352,
              49.624314
            ],
            [
              5.8809175,
              49.6244484
            ],
            [
              5.8807135,
              49.6240363
            ],
            [
              5.8801387,
              49.623958
            ],
            [
              5.880211,
              49.623378
            ],
            [
              5.8768818,
              49.6209213
            ],
            [
              5.8760743,
              49.619951
            ],
            [
              5.8756225,
              49.6188109
            ],
            [
              5.8755696,
              49.6157103
            ],
            [
              5.8758891,
              49.6155757
            ],
            [
              5.8754365,
              49.6145693
            ],
            [
              5.8760061,
              49.6138178
            ],
            [
              5.8770265,
              49.6133145
            ],
            [
              5.8768307,
              49.6129185
            ],
            [
              5.8771769,
              49.612311
            ],
            [
              5.8757484,
              49.6113625
            ],
            [
              5.8763134,
              49.6103223
            ],
            [
              5.8759494,
              49.6098746
            ],
            [
              5.8763177,
              49.609611
            ],
            [
              5.8763189,
              49.6090518
            ],
            [
              5.8766237,
              49.6090252
            ],
            [
              5.8765253,
              49.6084845
            ],
            [
              5.8755922,
              49.607796
            ],
            [
              5.8743216,
              49.6073312
            ],
            [
              5.874129,
              49.6074593
            ],
            [
              5.8724743,
              49.6064902
            ],
            [
              5.8699256,
              49.6057202
            ],
            [
              5.8658412,
              49.6051519
            ],
            [
              5.8634987,
              49.6033844
            ],
            [
              5.86313,
              49.6033948
            ],
            [
              5.8557153,
              49.5998229
            ],
            [
              5.8530187,
              49.5992608
            ],
            [
              5.8490743,
              49.5977082
            ],
            [
              5.8486026,
              49.5972501
            ],
            [
              5.8487894,
              49.5967381
            ],
            [
              5.8477614,
              49.5959417
            ],
            [
              5.848669,
              49.594415
            ],
            [
              5.8484021,
              49.5936636
            ],
            [
              5.848845,
              49.5905401
            ],
            [
              5.8502661,
              49.588239
            ],
            [
              5.8500883,
              49.5869315
            ],
            [
              5.8532893,
              49.5869563
            ],
            [
              5.8568028,
              49.5860446
            ],
            [
              5.8591242,
              49.5859563
            ],
            [
              5.8609967,
              49.5865907
            ],
            [
              5.8612817,
              49.5864241
            ],
            [
              5.8620344,
              49.5867821
            ],
            [
              5.8629101,
              49.5862571
            ],
            [
              5.8633376,
              49.5865985
            ],
            [
              5.8638877,
              49.5866676
            ],
            [
              5.8642943,
              49.5864621
            ],
            [
              5.8653943,
              49.5873545
            ],
            [
              5.8651892,
              49.5874936
            ],
            [
              5.866264,
              49.5881183
            ],
            [
              5.8658729,
              49.5884014
            ],
            [
              5.8677625,
              49.5896401
            ],
            [
              5.8691634,
              49.5886958
            ],
            [
              5.8697843,
              49.5891968
            ],
            [
              5.8710095,
              49.5883515
            ],
            [
              5.8715608,
              49.5876338
            ],
            [
              5.8715566,
              49.5860978
            ],
            [
              5.8732757,
              49.5835955
            ],
            [
              5.872725,
              49.5831667
            ],
            [
              5.8691128,
              49.5825437
            ],
            [
              5.868332,
              49.5821526
            ],
            [
              5.8676834,
              49.5814324
            ],
            [
              5.8659716,
              49.5805336
            ],
            [
              5.8689218,
              49.5796623
            ],
            [
              5.8711033,
              49.5797675
            ],
            [
              5.8718966,
              49.5796058
            ],
            [
              5.871903,
              49.5790501
            ],
            [
              5.8711651,
              49.5777212
            ],
            [
              5.8697411,
              49.5767359
            ],
            [
              5.8723766,
              49.5752189
            ],
            [
              5.8727493,
              49.5743416
            ],
            [
              5.8687044,
              49.573324
            ],
            [
              5.8680491,
              49.5736547
            ],
            [
              5.8671286,
              49.5727677
            ],
            [
              5.8632511,
              49.5704937
            ],
            [
              5.8612554,
              49.5708039
            ],
            [
              5.8605027,
              49.5701504
            ],
            [
              5.8604305,
              49.5696919
            ],
            [
              5.8610704,
              49.5682336
            ],
            [
              5.8610881,
              49.5670361
            ],
            [
              5.8597836,
              49.5665235
            ],
            [
              5.8579904,
              49.5662065
            ],
            [
              5.855828,
              49.5662379
            ],
            [
              5.8537371,
              49.5651668
            ],
            [
              5.8520763,
              49.5652747
            ],
            [
              5.8509439,
              49.5638275
            ],
            [
              5.8511504,
              49.5627874
            ],
            [
              5.8499823,
              49.5631629
            ],
            [
              5.8474272,
              49.5621266
            ],
            [
              5.8465125,
              49.5620993
            ],
            [
              5.8459026,
              49.5614091
            ],
            [
              5.8450415,
              49.5609868
            ],
            [
              5.8436047,
              49.5606812
            ],
            [
              5.8428049,
              49.5609304
            ],
            [
              5.8434818,
              49.5602305
            ],
            [
              5.845855,
              49.5587685
            ],
            [
              5.8453257,
              49.558581
            ],
            [
              5.8463064,
              49.5577064
            ],
            [
              5.8458576,
              49.5574504
            ],
            [
              5.8462044,
              49.5568673
            ],
            [
              5.8460973,
              49.5562608
            ],
            [
              5.8449677,
              49.5561232
            ],
            [
              5.8443522,
              49.5554847
            ],
            [
              5.8435443,
              49.5552262
            ],
            [
              5.8436603,
              49.5544241
            ],
            [
              5.8427692,
              49.5543097
            ],
            [
              5.8419903,
              49.5545118
            ],
            [
              5.8419561,
              49.5530966
            ],
            [
              5.8377887,
              49.5528653
            ],
            [
              5.8355891,
              49.5524505
            ],
            [
              5.8313654,
              49.5509
            ],
            [
              5.830268,
              49.5507679
            ],
            [
              5.8280039,
              49.5499922
            ],
            [
              5.8260521,
              49.5522075
            ],
            [
              5.8239634,
              49.5511589
            ],
            [
              5.8226492,
              49.5496783
            ],
            [
              5.8214218,
              49.5498426
            ],
            [
              5.8201966,
              49.5491845
            ],
            [
              5.8198546,
              49.5480915
            ],
            [
              5.8200823,
              49.5475543
            ],
            [
              5.8190746,
              49.5470889
            ],
            [
              5.8179479,
              49.5457474
            ],
            [
              5.8105581,
              49.5434776
            ],
            [
              5.8105198,
              49.5431769
            ],
            [
              5.808126,
              49.5425635
            ],
            [
              5.8085478,
              49.5409107
            ],
            [
              5.8119364,
              49.5420108
            ],
            [
              5.8127023,
              49.5418204
            ],
            [
              5.8133123,
              49.5414984
            ],
            [
              5.8143199,
              49.5400111
            ],
            [
              5.8154011,
              49.5391274
            ],
            [
              5.8160117,
              49.5374969
            ],
            [
              5.8172142,
              49.5377081
            ],
            [
              5.8171695,
              49.5370264
            ],
            [
              5.8215676,
              49.538051
            ],
            [
              5.8224969,
              49.5385703
            ],
            [
              5.8227157,
              49.5380243
            ],
            [
              5.8244359,
              49.5391688
            ],
            [
              5.8280188,
              49.5401062
            ],
            [
              5.8280105,
              49.5403332
            ],
            [
              5.8289725,
              49.540722
            ],
            [
              5.8315266,
              49.5411759
            ],
            [
              5.8361398,
              49.5425903
            ],
            [
              5.8370758,
              49.5425841
            ],
            [
              5.839157,
              49.5373154
            ],
            [
              5.8435065,
              49.5328693
            ],
            [
              5.8458085,
              49.5299027
            ],
            [
              5.8430257,
              49.5294999
            ],
            [
              5.8382595,
              49.5277673
            ],
            [
              5.8349207,
              49.5271347
            ],
            [
              5.8344908,
              49.5267815
            ],
            [
              5.8341152,
              49.5263847
            ],
            [
              5.8344181,
              49.5256131
            ],
            [
              5.8342998,
              49.5237214
            ],
            [
              5.8346374,
              49.5237763
            ],
            [
              5.8347127,
              49.5228742
            ],
            [
              5.8353411,
              49.5229527
            ],
            [
              5.8357676,
              49.522678
            ],
            [
              5.836192,
              49.521326
            ],
            [
              5.8358303,
              49.520952
            ],
            [
              5.8360566,
              49.5199632
            ],
            [
              5.8374605,
              49.519442
            ],
            [
              5.8383504,
              49.5194125
            ],
            [
              5.8397038,
              49.518574
            ],
            [
              5.8397402,
              49.5179115
            ],
            [
              5.8412637,
              49.516891
            ],
            [
              5.8431637,
              49.5164908
            ],
            [
              5.8439879,
              49.5158279
            ],
            [
              5.8449942,
              49.5155246
            ],
            [
              5.845433,
              49.5156609
            ],
            [
              5.8478259,
              49.5149499
            ],
            [
              5.8484435,
              49.5144788
            ],
            [
              5.8491612,
              49.5127484
            ],
            [
              5.8489146,
              49.5104127
            ],
            [
              5.8497646,
              49.5089128
            ],
            [
              5.8505368,
              49.5082391
            ],
            [
              5.8513669,
              49.5081011
            ],
            [
              5.853224,
              49.507055
            ],
            [
              5.8536785,
              49.5071784
            ],
            [
              5.8549699,
              49.5066038
            ],
            [
              5.855121,
              49.506755
            ],
            [
              5.8558804,
              49.5064326
            ],
            [
              5.856244,
              49.5065615
            ],
            [
              5.8563745,
              49.5063159
            ],
            [
              5.8573441,
              49.506346
            ],
            [
              5.8588799,
              49.5059199
            ],
            [
              5.8597215,
              49.5042221
            ],
            [
              5.8612797,
              49.503329
            ],
            [
              5.862032,
              49.5031641
            ],
            [
              5.8622311,
              49.502053
            ],
            [
              5.8662624,
              49.4999133
            ],
            [
              5.8670835,
              49.4999587
            ],
            [
              5.8696854,
              49.4992812
            ],
            [
              5.8719233,
              49.5002649
            ],
            [
              5.8724765,
              49.4996288
            ],
            [
              5.8724625,
              49.4991117
            ],
            [
              5.8729817,
              49.4986779
            ],
            [
              5.8756297,
              49.4982567
            ],
            [
              5.8786688,
              49.4989455
            ],
            [
              5.8789421,
              49.4987727
            ],
            [
              5.8818249,
              49.4991681
            ],
            [
              5.884358,
              49.4987641
            ],
            [
              5.8850758,
              49.4988333
            ],
            [
              5.8872643,
              49.4981545
            ],
            [
              5.8885169,
              49.4971176
            ],
            [
              5.8893539,
              49.4967563
            ],
            [
              5.8932462,
              49.4968323
            ],
            [
              5.8957387,
              49.4965342
            ],
            [
              5.8975241,
              49.4967618
            ],
            [
              5.9006117,
              49.4976391
            ],
            [
              5.9034748,
              49.4981528
            ],
            [
              5.9041147,
              49.4987386
            ],
            [
              5.9072781,
              49.5000962
            ],
            [
              5.9076748,
              49.5021315
            ],
            [
              5.908598,
              49.5015906
            ],
            [
              5.9132284,
              49.5019656
            ],
            [
              5.9200138,
              49.5002319
            ],
            [
              5.9205979,
              49.5009846
            ],
            [
              5.9223597,
              49.5005301
            ],
            [
              5.9239022,
              49.4993657
            ],
            [
              5.9275385,
              49.4983827
            ],
            [
              5.9305575,
              49.5006438
            ],
            [
              5.9324102,
              49.4995739
            ],
            [
              5.9341411,
              49.5006179
            ],
            [
              5.934926,
              49.5002323
            ],
            [
              5.9359754,
              49.5008601
            ],
            [
              5.9401184,
              49.5009623
            ],
            [
              5.9431541,
              49.5002317
            ],
            [
              5.9419684,
              49.4979962
            ],
            [
              5.9430309,
              49.495921
            ],
            [
              5.9438225,
              49.4951792
            ],
            [
              5.9445148,
              49.4955841
            ],
            [
              5.9434183,
              49.4974024
            ],
            [
              5.946208,
              49.4976036
            ],
            [
              5.9462874,
              49.4970014
            ],
            [
              5.9491114,
              49.4965045
            ],
            [
              5.9488601,
              49.4958555
            ],
            [
              5.9511533,
              49.495171
            ],
            [
              5.9520445,
              49.4941419
            ],
            [
              5.9544722,
              49.4941262
            ],
            [
              5.955163,
              49.4930916
            ],
            [
              5.9569497,
              49.4935405
            ],
            [
              5.9584609,
              49.4931999
            ],
            [
              5.9590171,
              49.4933745
            ],
            [
              5.9608906,
              49.4930621
            ],
            [
              5.9645946,
              49.4930047
            ],
            [
              5.9652349,
              49.4927591
            ],
            [
              5.965493,
              49.4920384
            ],
            [
              5.9660189,
              49.4921468
            ],
            [
              5.96613,
              49.4913437
            ],
            [
              5.9679441,
              49.4915176
            ],
            [
              5.9679363,
              49.4917749
            ],
            [
              5.969628,
              49.4912185
            ],
            [
              5.9721115,
              49.491413
            ],
            [
              5.973824,
              49.4891261
            ],
            [
              5.9708366,
              49.4883572
            ],
            [
              5.9681055,
              49.4863961
            ],
            [
              5.9710362,
              49.4833284
            ],
            [
              5.9714105,
              49.4830669
            ],
            [
              5.9729686,
              49.4834112
            ],
            [
              5.9731779,
              49.4828271
            ],
            [
              5.9748037,
              49.4819997
            ],
            [
              5.9749758,
              49.4815712
            ],
            [
              5.9745301,
              49.4798147
            ],
            [
              5.9750352,
              49.4787964
            ],
            [
              5.9750043,
              49.4781901
            ],
            [
              5.9742866,
              49.4769481
            ],
            [
              5.9724135,
              49.4755305
            ],
            [
              5.969646,
              49.475508
            ],
            [
              5.9712146,
              49.4745118
            ],
            [
              5.9715943,
              49.4746454
            ],
            [
              5.9723101,
              49.4743785
            ],
            [
              5.9724709,
              49.4734347
            ],
            [
              5.9722221,
              49.4723936
            ],
            [
              5.9727957,
              49.4710155
            ],
            [
              5.9719402,
              49.4695669
            ],
            [
              5.9736264,
              49.4685917
            ],
            [
              5.9740052,
              49.4654859
            ],
            [
              5.9757567,
              49.4634283
            ],
            [
              5.9757782,
              49.4627875
            ],
            [
              5.9774785,
              49.4625329
            ],
            [
              5.9787194,
              49.4611845
            ],
            [
              5.9793096,
              49.4609063
            ],
            [
              5.9814385,
              49.4612191
            ],
            [
              5.9819892,
              49.4627807
            ],
            [
              5.9825788,
              49.4635187
            ],
            [
              5.9873182,
              49.4626404
            ],
            [
              5.9880677,
              49.4612931
            ],
            [
              5.9877835,
              49.4602787
            ],
            [
              5.9867319,
              49.458701
            ],
            [
              5.9857208,
              49.4557394
            ],
            [
              5.9823594,
              49.4570367
            ],
            [
              5.9792998,
              49.4552449
            ],
            [
              5.9787523,
              49.4539921
            ],
            [
              5.9790898,
              49.4526846
            ],
            [
              5.9819721,
              49.4510675
            ],
            [
              5.9979348,
              49.4564975
            ],
            [
              6.0012336,
              49.4565044
            ],
            [
              6.0078491,
              49.4516399
            ],
            [
              6.0114964,
              49.4535189
            ],
            [
              6.0138164,
              49.4525303
            ],
            [
              6.0155214,
              49.4536315
            ],
            [
              6.0155926,
              49.4539517
            ],
            [
              6.0180263,
              49.4539497
            ],
            [
              6.0197759,
              49.4542623
            ],
            [
              6.0217469,
              49.4549759
            ],
            [
              6.0237144,
              49.4550229
            ],
            [
              6.0266944,
              49.4541951
            ],
            [
              6.0280748,
              49.4557491
            ],
            [
              6.0292822,
              49.4550472
            ],
            [
              6.0272487,
              49.4537741
            ],
            [
              6.0259205,
              49.451851
            ],
            [
              6.0258782,
              49.4507275
            ],
            [
              6.0263562,
              49.4501731
            ],
            [
              6.0268407,
              49.4485959
            ],
            [
              6.0272513,
              49.448261
            ],
            [
              6.0293217,
              49.4493397
            ],
            [
              6.0325816,
              49.4495358
            ],
            [
              6.0343323,
              49.4493057
            ],
            [
              6.0361391,
              49.4487433
            ],
            [
              6.0382342,
              49.4485899
            ],
            [
              6.0417732,
              49.4478587
            ],
            [
              6.0447208,
              49.4523786
            ],
            [
              6.04692,
              49.4550872
            ],
            [
              6.0469311,
              49.4555526
            ],
            [
              6.0530945,
              49.4639025
            ],
            [
              6.0544894,
              49.4645767
            ],
            [
              6.0566209,
              49.4651758
            ],
            [
              6.058105,
              49.4664378
            ],
            [
              6.0611337,
              49.4653895
            ],
            [
              6.0662449,
              49.4648255
            ],
            [
              6.0695429,
              49.4649779
            ],
            [
              6.072233,
              49.4656121
            ],
            [
              6.0730767,
              49.4649543
            ],
            [
              6.0736681,
              49.4636467
            ],
            [
              6.0792273,
              49.4638704
            ],
            [
              6.0807559,
              49.4585424
            ],
            [
              6.0830508,
              49.4576445
            ],
            [
              6.085985,
              49.4561072
            ],
            [
              6.0855701,
              49.4557307
            ],
            [
              6.0862288,
              49.4553566
            ],
            [
              6.0884125,
              49.4546064
            ],
            [
              6.090322,
              49.4544266
            ],
            [
              6.090377,
              49.4542524
            ],
            [
              6.0920787,
              49.4542857
            ],
            [
              6.0923204,
              49.4531397
            ],
            [
              6.0962241,
              49.4535089
            ],
            [
              6.0961816,
              49.4532467
            ],
            [
              6.1007732,
              49.4528888
            ],
            [
              6.1008805,
              49.4535044
            ],
            [
              6.1016287,
              49.4543004
            ],
            [
              6.1008607,
              49.4566401
            ],
            [
              6.1010204,
              49.4578651
            ],
            [
              6.0999178,
              49.4590351
            ],
            [
              6.0997931,
              49.4597875
            ],
            [
              6.0987831,
              49.4606291
            ],
            [
              6.0991255,
              49.4622256
            ],
            [
              6.0980927,
              49.4634755
            ],
            [
              6.0982046,
              49.46427
            ],
            [
              6.099718,
              49.4659792
            ],
            [
              6.0998065,
              49.4674641
            ],
            [
              6.1015648,
              49.4690026
            ],
            [
              6.1025988,
              49.4694037
            ],
            [
              6.1019787,
              49.4703819
            ],
            [
              6.1040629,
              49.4711562
            ],
            [
              6.1060247,
              49.4713988
            ],
            [
              6.1094795,
              49.4725212
            ],
            [
              6.1110771,
              49.4725545
            ],
            [
              6.1121432,
              49.4720655
            ],
            [
              6.112771,
              49.4712176
            ],
            [
              6.114189,
              49.4704871
            ],
            [
              6.1148018,
              49.4708451
            ],
            [
              6.1177916,
              49.4713628
            ],
            [
              6.1192079,
              49.4720439
            ],
            [
              6.1212845,
              49.4724446
            ],
            [
              6.1234489,
              49.4734661
            ],
            [
              6.1225618,
              49.4751514
            ],
            [
              6.1229981,
              49.4765185
            ],
            [
              6.1243683,
              49.4775272
            ],
            [
              6.1254243,
              49.4795172
            ],
            [
              6.1274703,
              49.4823053
            ],
            [
              6.1267462,
              49.4900244
            ],
            [
              6.1275336,
              49.4914128
            ],
            [
              6.1280357,
              49.4939221
            ],
            [
              6.1302147,
              49.4925596
            ],
            [
              6.1317476,
              49.4906278
            ],
            [
              6.1327926,
              49.4899946
            ],
            [
              6.1337295,
              49.4899773
            ],
            [
              6.1372214,
              49.4907071
            ],
            [
              6.1389398,
              49.4912949
            ],
            [
              6.1417759,
              49.491684
            ],
            [
              6.1408303,
              49.4882994
            ],
            [
              6.1407654,
              49.486674
            ],
            [
              6.1422353,
              49.4869016
            ],
            [
              6.1446961,
              49.4878915
            ],
            [
              6.1503773,
              49.4908715
            ],
            [
              6.1531348,
              49.4917123
            ],
            [
              6.1528055,
              49.4927412
            ],
            [
              6.1558533,
              49.4933926
            ],
            [
              6.1573328,
              49.4914797
            ],
            [
              6.1594346,
              49.4917711
            ],
            [
              6.1618317,
              49.4926678
            ],
            [
              6.1624901,
              49.4934858
            ],
            [
              6.1622912,
              49.4938346
            ],
            [
              6.1611138,
              49.494389
            ],
            [
              6.159624,
              49.495888
            ],
            [
              6.1582848,
              49.4962267
            ],
            [
              6.157082,
              49.4970642
            ],
            [
              6.1538878,
              49.501634
            ],
            [
              6.1547972,
              49.5020532
            ],
            [
              6.1559576,
              49.5036661
            ],
            [
              6.1565455,
              49.5040141
            ],
            [
              6.1571126,
              49.5042342
            ],
            [
              6.1573478,
              49.5039685
            ],
            [
              6.1583197,
              49.5042868
            ],
            [
              6.1585397,
              49.5040023
            ],
            [
              6.1616526,
              49.5049217
            ],
            [
              6.1619352,
              49.5041459
            ],
            [
              6.1636267,
              49.5045437
            ],
            [
              6.1653222,
              49.5054993
            ],
            [
              6.171991,
              49.5081464
            ],
            [
              6.1749738,
              49.5103085
            ],
            [
              6.1762056,
              49.5102473
            ],
            [
              6.1768575,
              49.5099782
            ],
            [
              6.1769029,
              49.5088684
            ],
            [
              6.1766016,
              49.5086097
            ],
            [
              6.1783063,
              49.5069591
            ],
            [
              6.180255,
              49.5072867
            ],
            [
              6.1808407,
              49.5080131
            ],
            [
              6.1871695,
              49.5068218
            ],
            [
              6.1883602,
              49.5063733
            ],
            [
              6.1913587,
              49.5059786
            ],
            [
              6.1952437,
              49.5064256
            ],
            [
              6.1957591,
              49.5053599
            ],
            [
              6.202501,
              49.5070124
            ],
            [
              6.2076587,
              49.5062284
            ],
            [
              6.21378,
              49.5062858
            ],
            [
              6.2172304,
              49.506898
            ],
            [
              6.2170346,
              49.5078597
            ],
            [
              6.2173029,
              49.5078871
            ],
            [
              6.2168109,
              49.5087756
            ],
            [
              6.2163688,
              49.509016
            ],
            [
              6.2171293,
              49.5097585
            ],
            [
              6.2181024,
              49.5099631
            ],
            [
              6.2183695,
              49.509405
            ],
            [
              6.219867,
              49.5095444
            ],
            [
              6.2200019,
              49.5087712
            ],
            [
              6.2245734,
              49.5095292
            ],
            [
              6.2275746,
              49.5103568
            ],
            [
              6.228271,
              49.5095105
            ],
            [
              6.2323053,
              49.5093784
            ],
            [
              6.2361636,
              49.5081522
            ],
            [
              6.2387493,
              49.512044
            ],
            [
              6.2389583,
              49.5135035
            ],
            [
              6.2404632,
              49.5142506
            ],
            [
              6.2406511,
              49.5149372
            ],
            [
              6.2417657,
              49.5140855
            ],
            [
              6.2413351,
              49.5126806
            ],
            [
              6.2416437,
              49.5119651
            ],
            [
              6.2438873,
              49.5118347
            ],
            [
              6.2451333,
              49.5115114
            ],
            [
              6.2465628,
              49.5090376
            ],
            [
              6.2484145,
              49.5085104
            ],
            [
              6.2490821,
              49.5085503
            ],
            [
              6.2522696,
              49.508965
            ],
            [
              6.2539421,
              49.5095928
            ],
            [
              6.2560067,
              49.509961
            ],
            [
              6.2569253,
              49.5098217
            ],
            [
              6.2580485,
              49.5075465
            ],
            [
              6.259936,
              49.5070151
            ],
            [
              6.2611108,
              49.5072347
            ],
            [
              6.2619449,
              49.5071406
            ],
            [
              6.2626304,
              49.5066973
            ],
            [
              6.2628334,
              49.506268
            ],
            [
              6.2623678,
              49.5056606
            ],
            [
              6.2623517,
              49.5050467
            ],
            [
              6.2632932,
              49.503952
            ],
            [
              6.2666672,
              49.5040269
            ],
            [
              6.2685093,
              49.5043161
            ],
            [
              6.2703671,
              49.5040349
            ],
            [
              6.2718566,
              49.5047259
            ],
            [
              6.2741504,
              49.5044355
            ],
            [
              6.2746283,
              49.5038163
            ],
            [
              6.2767409,
              49.5032724
            ],
            [
              6.2772725,
              49.5035871
            ],
            [
              6.2798557,
              49.5032834
            ],
            [
              6.2799983,
              49.5030863
            ],
            [
              6.2796423,
              49.5026824
            ],
            [
              6.2804213,
              49.502243
            ],
            [
              6.2797395,
              49.5018923
            ],
            [
              6.2798345,
              49.5014363
            ],
            [
              6.2815297,
              49.5008469
            ],
            [
              6.2804539,
              49.5003953
            ],
            [
              6.2800523,
              49.4992161
            ],
            [
              6.2794001,
              49.4985936
            ],
            [
              6.2794559,
              49.4978628
            ],
            [
              6.2790631,
              49.4973083
            ],
            [
              6.2794588,
              49.496992
            ],
            [
              6.2788803,
              49.4963041
            ],
            [
              6.2795794,
              49.4945971
            ],
            [
              6.2814088,
              49.4938729
            ],
            [
              6.2818947,
              49.4931951
            ],
            [
              6.2838509,
              49.4929909
            ],
            [
              6.2859013,
              49.493369
            ],
            [
              6.2874674,
              49.494299
            ],
            [
              6.2882489,
              49.4944602
            ],
            [
              6.2889188,
              49.4943261
            ],
            [
              6.2895591,
              49.4938309
            ],
            [
              6.2896704,
              49.493101
            ],
            [
              6.2889067,
              49.492774
            ],
            [
              6.2889411,
              49.4918317
            ],
            [
              6.2885562,
              49.4915225
            ],
            [
              6.288278,
              49.4914329
            ],
            [
              6.2872057,
              49.4918992
            ],
            [
              6.2856474,
              49.4921774
            ],
            [
              6.2843869,
              49.491473
            ],
            [
              6.2847542,
              49.4902042
            ],
            [
              6.2862207,
              49.4881463
            ],
            [
              6.2884796,
              49.4877009
            ],
            [
              6.2894779,
              49.487069
            ],
            [
              6.2894719,
              49.4863262
            ],
            [
              6.2890604,
              49.4862911
            ],
            [
              6.28867,
              49.4867086
            ],
            [
              6.2881097,
              49.4866983
            ],
            [
              6.2875422,
              49.486152
            ],
            [
              6.2887484,
              49.4848871
            ],
            [
              6.2902293,
              49.4846144
            ],
            [
              6.2912115,
              49.4846793
            ],
            [
              6.291119,
              49.4849571
            ],
            [
              6.2917369,
              49.4856674
            ],
            [
              6.2916557,
              49.4868422
            ],
            [
              6.292266,
              49.4874939
            ],
            [
              6.2936084,
              49.4877705
            ],
            [
              6.2941334,
              49.4871325
            ],
            [
              6.2953466,
              49.4871252
            ],
            [
              6.2963101,
              49.4874125
            ],
            [
              6.2984418,
              49.488655
            ],
            [
              6.2990484,
              49.4885018
            ],
            [
              6.2994667,
              49.4880117
            ],
            [
              6.2983879,
              49.486661
            ],
            [
              6.2964777,
              49.4831755
            ],
            [
              6.2957047,
              49.4827566
            ],
            [
              6.2952939,
              49.481971
            ],
            [
              6.2951239,
              49.4813589
            ],
            [
              6.2962221,
              49.4801943
            ],
            [
              6.2968122,
              49.4800467
            ],
            [
              6.297677,
              49.4803509
            ],
            [
              6.2989734,
              49.4803171
            ],
            [
              6.299256,
              49.4796539
            ],
            [
              6.3015443,
              49.4791181
            ],
            [
              6.3033315,
              49.4783637
            ],
            [
              6.3038745,
              49.4778755
            ],
            [
              6.3042918,
              49.4783227
            ],
            [
              6.3054402,
              49.4771385
            ],
            [
              6.306142,
              49.4774328
            ],
            [
              6.3080212,
              49.4789265
            ],
            [
              6.3129634,
              49.4803969
            ],
            [
              6.3144317,
              49.4780321
            ],
            [
              6.3146016,
              49.47707
            ],
            [
              6.316153,
              49.4773759
            ],
            [
              6.3163133,
              49.4778301
            ],
            [
              6.3177133,
              49.4780558
            ],
            [
              6.3180712,
              49.4777336
            ],
            [
              6.3186512,
              49.4780255
            ],
            [
              6.3198252,
              49.4774951
            ],
            [
              6.3206499,
              49.4774205
            ],
            [
              6.3247005,
              49.4747634
            ],
            [
              6.3244959,
              49.4746773
            ],
            [
              6.3251039,
              49.4740051
            ],
            [
              6.3274446,
              49.4723683
            ],
            [
              6.3283008,
              49.4727325
            ],
            [
              6.3298961,
              49.4700625
            ],
            [
              6.3327878,
              49.4696334
            ],
            [
              6.3340248,
              49.4669392
            ],
            [
              6.3379591,
              49.4684482
            ],
            [
              6.3387502,
              49.4686223
            ],
            [
              6.3400994,
              49.468227
            ],
            [
              6.3426494,
              49.4691043
            ],
            [
              6.345862,
              49.4665348
            ],
            [
              6.3472523,
              49.4658778
            ],
            [
              6.348743,
              49.466168
            ],
            [
              6.3498971,
              49.4669119
            ],
            [
              6.3528535,
              49.4673172
            ],
            [
              6.3560384,
              49.4646185
            ],
            [
              6.3605456,
              49.4614226
            ],
            [
              6.3644493,
              49.4595053
            ],
            [
              6.3688512,
              49.4598681
            ],
            [
              6.367696,
              49.464252
            ],
            [
              6.3674464,
              49.4667365
            ],
            [
              6.3677268,
              49.469417
            ],
            [
              6.3687541,
              49.469222
            ],
            [
              6.368906,
              49.4700184
            ],
            [
              6.3683491,
              49.4792309
            ],
            [
              6.3698292,
              49.488657
            ],
            [
              6.3678303,
              49.4953289
            ],
            [
              6.3678494,
              49.4981098
            ],
            [
              6.3687382,
              49.5013294
            ],
            [
              6.368536,
              49.5029697
            ],
            [
              6.3672924,
              49.5079403
            ],
            [
              6.3654652,
              49.5121593
            ],
            [
              6.3653164,
              49.5133305
            ],
            [
              6.3645344,
              49.515234
            ],
            [
              6.3629055,
              49.5173855
            ],
            [
              6.3604946,
              49.5224285
            ],
            [
              6.3592243,
              49.5261822
            ],
            [
              6.3577251,
              49.5289707
            ],
            [
              6.3576946,
              49.5305805
            ],
            [
              6.3585415,
              49.5328999
            ],
            [
              6.3600559,
              49.5350895
            ],
            [
              6.3613148,
              49.5362759
            ],
            [
              6.368597,
              49.5403843
            ],
            [
              6.3728046,
              49.544405
            ],
            [
              6.379427,
              49.5485935
            ],
            [
              6.3806591,
              49.550375
            ],
            [
              6.3826809,
              49.5546055
            ],
            [
              6.3833294,
              49.556654
            ],
            [
              6.3828793,
              49.5580654
            ],
            [
              6.3805752,
              49.5597134
            ],
            [
              6.3659344,
              49.5680332
            ],
            [
              6.362463,
              49.569418
            ],
            [
              6.3592358,
              49.5710468
            ],
            [
              6.3584156,
              49.5721378
            ],
            [
              6.3587017,
              49.5737247
            ],
            [
              6.3599033,
              49.5749798
            ],
            [
              6.3617916,
              49.5761967
            ],
            [
              6.3642445,
              49.5771351
            ],
            [
              6.3688412,
              49.5784321
            ],
            [
              6.3703175,
              49.5785046
            ],
            [
              6.3717213,
              49.5782108
            ],
            [
              6.3756695,
              49.5762005
            ],
            [
              6.3777065,
              49.5757084
            ],
            [
              6.3801517,
              49.5758991
            ],
            [
              6.3823414,
              49.5768833
            ],
            [
              6.383112,
              49.5776577
            ],
            [
              6.3835659,
              49.5786915
            ],
            [
              6.3836117,
              49.579916
            ],
            [
              6.3830776,
              49.581049
            ],
            [
              6.3819332,
              49.5821133
            ],
            [
              6.3774548,
              49.5849895
            ],
            [
              6.3760853,
              49.5863743
            ],
            [
              6.3753223,
              49.5875835
            ],
            [
              6.3750019,
              49.5892391
            ],
            [
              6.3752575,
              49.5905132
            ],
            [
              6.3769283,
              49.5928249
            ],
            [
              6.3812466,
              49.5965366
            ],
            [
              6.385397,
              49.5989971
            ],
            [
              6.3871746,
              49.5993786
            ],
            [
              6.3904934,
              49.5992374
            ],
            [
              6.3924923,
              49.5994205
            ],
            [
              6.3973141,
              49.6007023
            ],
            [
              6.3995571,
              49.6018658
            ],
            [
              6.4032383,
              49.6046162
            ],
            [
              6.4046688,
              49.607275
            ],
            [
              6.4061375,
              49.6089115
            ],
            [
              6.4088459,
              49.6108265
            ],
            [
              6.4100399,
              49.6120853
            ],
            [
              6.4122486,
              49.6137218
            ],
            [
              6.418848,
              49.6165371
            ],
            [
              6.4223003,
              49.6206493
            ],
            [
              6.4228878,
              49.6215801
            ],
            [
              6.4236546,
              49.6248264
            ],
            [
              6.4255505,
              49.6278057
            ],
            [
              6.4277706,
              49.6333218
            ],
            [
              6.4299145,
              49.6368198
            ],
            [
              6.4329968,
              49.6401272
            ],
            [
              6.4377918,
              49.6475773
            ],
            [
              6.4403057,
              49.6524258
            ],
            [
              6.4412556,
              49.6561947
            ],
            [
              6.441309,
              49.6574039
            ],
            [
              6.4406681,
              49.6588345
            ],
            [
              6.4398251,
              49.6595898
            ],
            [
              6.4378414,
              49.6604939
            ],
            [
              6.4357738,
              49.6609745
            ],
            [
              6.4345455,
              49.6610432
            ],
            [
              6.4292812,
              49.6607647
            ],
            [
              6.4280033,
              49.6611958
            ],
            [
              6.4271336,
              49.6618786
            ],
            [
              6.4267673,
              49.6628742
            ],
            [
              6.4269886,
              49.6638355
            ],
            [
              6.4310856,
              49.6687412
            ],
            [
              6.4327641,
              49.6697941
            ],
            [
              6.4388103,
              49.6717854
            ],
            [
              6.4452229,
              49.6760159
            ],
            [
              6.4470081,
              49.6774273
            ],
            [
              6.4549313,
              49.685091
            ],
            [
              6.458189,
              49.689352
            ],
            [
              6.4599133,
              49.6907024
            ],
            [
              6.4630566,
              49.6919384
            ],
            [
              6.4678135,
              49.6926022
            ],
            [
              6.4704342,
              49.6932087
            ],
            [
              6.4748592,
              49.6950436
            ],
            [
              6.4801464,
              49.6965199
            ],
            [
              6.4821377,
              49.6976833
            ],
            [
              6.4870777,
              49.7021046
            ],
            [
              6.4900303,
              49.7040882
            ],
            [
              6.493948,
              49.7074375
            ],
            [
              6.4960041,
              49.7088337
            ],
            [
              6.4997807,
              49.7110538
            ],
            [
              6.5029087,
              49.7123203
            ],
            [
              6.5041103,
              49.7125225
            ],
            [
              6.5061588,
              49.7123318
            ],
            [
              6.5072322,
              49.7134685
            ],
            [
              6.507143,
              49.7156887
            ],
            [
              6.5068417,
              49.7164249
            ],
            [
              6.5061817,
              49.71702
            ],
            [
              6.5012646,
              49.719759
            ],
            [
              6.497591,
              49.7222958
            ],
            [
              6.4956722,
              49.7242756
            ],
            [
              6.4955387,
              49.7249546
            ],
            [
              6.4960079,
              49.7255459
            ],
            [
              6.4971981,
              49.7261791
            ],
            [
              6.4985561,
              49.7264729
            ],
            [
              6.5006695,
              49.7265797
            ],
            [
              6.502718,
              49.726305
            ],
            [
              6.5037899,
              49.7258701
            ],
            [
              6.5068378,
              49.7239208
            ],
            [
              6.5104961,
              49.721117
            ],
            [
              6.5106869,
              49.7204838
            ],
            [
              6.5114193,
              49.7202549
            ],
            [
              6.5129337,
              49.7204571
            ],
            [
              6.5140209,
              49.7208462
            ],
            [
              6.5161152,
              49.7218838
            ],
            [
              6.5172405,
              49.7227879
            ],
            [
              6.5177212,
              49.72365
            ],
            [
              6.5171261,
              49.7247677
            ],
            [
              6.5123615,
              49.7269573
            ],
            [
              6.5117245,
              49.7274876
            ],
            [
              6.507925,
              49.728529
            ],
            [
              6.5030346,
              49.7318325
            ],
            [
              6.5024471,
              49.7326679
            ],
            [
              6.502306,
              49.7337208
            ]
          ]
        ]
      }
    }
  ]
}
